1,kbs,韩国广播电台,kr,https://onair.kbs.co.kr/
2,voa,美国之音,en,https://www.voanews.com/
3,youmiuri,读卖新闻,jp,https://www.yomiuri.co.jp/
4,asahi,朝日新闻,jp,https://www.asahi.com/
5,ft,金融时报,en,https://www.ft.com/
6,reuters,路透社,en,https://www.reuters.com/
7,upi,美国合众国际社,en,https://www.upi.com/
8,apnews,美联社,en,https://apnews.com/
9,bloomberg,彭博社,en,https://www.bloomberg.com/asia
10,nhk,日本广播协会,jp,https://www.nhk.or.jp/
11,washingtonpost,华盛顿邮报,en,https://www.washingtonpost.com/
12,wsj,华尔街日报,en,https://www.wsj.com/
13,nbc,美国全国广播公司,en,https://www.nbc.com/
14,time,时代周刊,en,https://time.com/
15,ntdtv,新唐人电视台,en,https://www.ntdtv.com/
16,cnn,有线电视新闻网,en,https://edition.cnn.com/
17,thetimes,泰晤士报,uk,https://www.thetimes.co.uk/
18,theglobeandmail,环球邮报,en,https://www.theglobeandmail.com/
19,mirror,明镜周刊,uk,https://www.mirror.co.uk/
20,epochtimes,大纪元,en,https://www.epochtimes.com/
21,yna,韩联社,kr,https://www.yna.co.kr/
22,kyodo,共同通讯社,jp,https://www.kyodo.co.jp/
23,chinaaid,对华援助新闻网,en,https://www.chinaaid.net/
24,npr,全国公众广播电台,en,https://www.npr.org/
25,ft,金融时报,cn,https://www.ftchinese.com/
26,reuters,路透社,cn,https://cn.reuters.com/
27,nhk,日本广播协会,cn,https://www3.nhk.or.jp/nhkworld/zh/
28,wsj,华尔街日报,cn,https://cn.wsj.com/
29,mirror,明镜周刊,cn,https://www.dw.com/zh/%E6%98%8E%E9%95%9C%E5%91%A8%E5%88%8A/t-17458309
30,yna,韩联社,cn,https://cn.yna.co.kr/
