department,facebook,introduction,name,twitter,url
東京社会部,,社会部で「メディアと法」「ネットと表現の自由」などの取材を担当。１０年以上、著作権問題を取材しており、「日本でたぶん１人しかいない著作権専門新聞記者」を自称しています。近年ではＪＡＳＲＡＣの音楽教室からの徴収方針を特報しました。あとこちらもニッチですが重要な分野、現代詩も取材してきました。ツイッターでの投稿内容は個人の意見で、朝日新聞社の見解ではありません。ＲＴやリンクは賛意とは限りません。,赤田康和,http://twitter.com/akadayasukazu,https://www.asahi.com/sns/reporter/akada_yasukazu.html
編集委員,,朝日新聞編集委員（環境・エネルギー問題担当）。,石井徹,http://twitter.com/ishiit4,https://www.asahi.com/sns/reporter/ishii_toru.html
東京・科学医療部,,科学医療部記者。宇宙（はやぶさ２とか）や天文、物理、数学などを担当する科学好き。好きな数字は137。趣味はＦ１、猫。好きな国はマルタ。,石倉徹也,http://twitter.com/i_tetsuya137,https://www.asahi.com/sns/reporter/ishikura_tetsuya.html
テヘラン支局,,1984年生まれ。2020年4月から現職、同10月に赴任。米国とイランの関係、核問題に関心。07年に入社し、奈良と高松、大阪社会部で事件の取材を担当。17～18年、ロンドンに留学して国際政治を学びつつ、パブで豊富なビールに魅了される。6～22歳はレスリング、今はたまにジョギング。,飯島健太,http://twitter.com/penta_jan,https://www.asahi.com/sns/reporter/iijima_kenta.html
東京映像報道部,,映像報道部で写真記者（カメラマン）をしています。２０１７年４月から、テレビ朝日に研修派遣。１８年４月から映像報道部に復帰。,諫山卓弥,http://twitter.com/asahi_isayama,https://www.asahi.com/sns/reporter/isayama_takuya.html
大阪本社編集局長補佐,,朝日新聞大阪本社編集局長補佐。前ヨーロッパ総局長。特派員歴はワシントン、カイロ（各２回）とロンドン。時折、クラシック音楽関係の記事も書きます。投稿内容は私個人の意見です。会社の見解ではなく、ＲＴやリンクは賛意とは限りません。,石合力,http://twitter.com/TsutomuISHIAI,https://www.asahi.com/sns/reporter/ishiai_tsutomu.html
東京社会部,,社会部で東京五輪・パラリンピックを担当しています。以前はスポーツ部にもいました。ジェンダーをはじめ、スポーツを通して浮かび上がる社会問題に関心があります。,伊木緑,http://twitter.com/midomidomisos0,https://www.asahi.com/sns/reporter/iki_midori.html
4years.編集部,,朝日新聞社入社、東京編集センターやスポーツ部などを経て4years.編集部。スポーツ部ではフィギュアスケート、カーリング、アイスホッケー、ゴルフ、競泳、体操などを取材。大学スポーツ専門の「4years.」ではフィギュアスケートを中心に執筆。朝日新聞のフィギュアスケートYouTubeチャンネル「Kiss and Cry Plus」も運営。大学スポーツに携わった誰にでもドラマがあると思います。その大事な時間を記録・記憶するお手伝いができれば嬉しいです。他の関心分野はスポーツビジネス、経営学、AI、キャリアデザイン、美術、建築、地形。,浅野有美,http://twitter.com/ASANO_t1,https://www.asahi.com/sns/reporter/asano_naomi.html
編集委員,,高校野球を見に全国を飛び回っています。その土地の人と接し、おいしいものを食べるのが大好き。柔道やプロ野球、ソフトボールも長く取材しています。,安藤嘉浩,http://twitter.com/ando29yoshi,https://www.asahi.com/sns/reporter/ando_yoshihiro.html
GLOBE編集部,,Washington D.C. correspondent for Asahi Shimbun. 朝日新聞ワシントン特派員。英字誌、通信社をへて入社。経済部、社会部、GLOBE編集部など。関心事は、経済、IT、メディア、自然。趣味のサーフィンはしばらくお預け。,五十嵐大介,http://twitter.com/dai_igarashi,https://www.asahi.com/sns/reporter/igarashi_daisuke.html
文化くらし報道部,,東京本社文化くらし報道部（生活グループ）記者。介護、高齢者の住まい、障害者福祉、生活保護など社会保障関連が主な取材テーマです。２００６年に入社し、千葉、青森、埼玉などで取材してきました。,有近隆史,http://twitter.com/ArichikaTakashi,https://www.asahi.com/sns/reporter/arichika_takashi.html
department,facebook,introduction,name,twitter,url
東京社会部,,社会部で「メディアと法」「ネットと表現の自由」などの取材を担当。１０年以上、著作権問題を取材しており、「日本でたぶん１人しかいない著作権専門新聞記者」を自称しています。近年ではＪＡＳＲＡＣの音楽教室からの徴収方針を特報しました。あとこちらもニッチですが重要な分野、現代詩も取材してきました。ツイッターでの投稿内容は個人の意見で、朝日新聞社の見解ではありません。ＲＴやリンクは賛意とは限りません。,赤田康和,http://twitter.com/akadayasukazu,https://www.asahi.com/sns/reporter/akada_yasukazu.html
編集委員,,朝日新聞編集委員。１９８７年から記者をしています。おもに社会部畑を歩いてきました。市井の人々の営み、ふつうの人たちのことを書きたいと思ってきました。水の中は得意です。,大久保真紀,http://twitter.com/maki_okubo,https://www.asahi.com/sns/reporter/okubo_maki.html
アメリカ総局（ワシントン）,,日本とアメリカを行ったり来たりする生活を１５年以上続けています。国際報道部、GLOBE編集部、政治部を経て現在は２度目のワシントン勤務。著書に『アメリカは尖閣を守るか』『芝園団地に住んでいます』,大島隆,http://twitter.com/takashioshima1,https://www.asahi.com/sns/reporter/oshima_takashi.html
文化くらし報道部,,朝日新聞文化くらし報道部記者。２００４年入社。長野、千葉、横浜の３総局、政治部でも働きました。高齢者福祉に関心があり、２０１５年から１年間、ペンシルベニア大フルブライト客員研究員として、日米の家族介護者について研究。朝日新聞デジタル「幸せな老いを探して　米国留学で見たこと」で配信。仙台出身ですが、両親の故郷の登米のお米と野菜と郷土料理が大好物です。,及川綾子,http://twitter.com/ayako_oikawa_ms,https://www.asahi.com/sns/reporter/oikawa_ayako.html
名古屋報道センター社会グループ,,名古屋報道センター社会グループ員。2児の母。学校や子育ての周りにある「しんどさ」に関心があります。これまでの勤務地は北海道→高知→奈良→東京→現職。 ,浦島千佳,http://twitter.com/urashima_chika,https://www.asahi.com/sns/reporter/urashima_chika.html
政治部,,政治部→ＧＬＯＢＥ→政治部→論説委員→政治部／猫好き（発言は個人の見解です。ＲＴやリンクは賛意とは限りません）,内田晃,http://twitter.com/uchidakira,https://www.asahi.com/sns/reporter/uchida_akira.html
編集委員,,　編集委員で教育分野を担当。いじめや学級崩壊、学力、教師問題を取材してきました。教室から、街角から、ぼちぼち発信していきます。ツイッターでの投稿内容は私個人の意見です。朝日新聞社の見解ではありません。ＲＴやリンクは賛意とは限りません。,氏岡真弓,http://twitter.com/ujioka,https://www.asahi.com/sns/reporter/ujioka_mayumi.html
デジタル機動報道部,,データジャーナリズムを主に担当しています。AIやデジタルエコノミーにも関心があります。,牛尾梓,http://twitter.com/Azusa_Ushio,https://www.asahi.com/sns/reporter/ushio_azusa.html
東京スポーツ部,,朝日新聞の記者です。サッカーを中心にスポーツを担当。取材現場のワクワク感にとりつかれてまもなく３０年。現在もシニアリーグでボールを蹴っています。,潮智史,http://twitter.com/ushios1,https://www.asahi.com/sns/reporter/ushio_satoshi.html
オピニオン編集部,,オピニオン編集長代理。香港、ワシントン、台北、ニューヨークで特派員を務め、２１年４月から現職。投稿は私個人の意見で、朝日新聞社の見解ではありません。ＲＴやリンクは賛意を示すものではありません。,鵜飼啓,http://twitter.com/s_ukai,https://www.asahi.com/sns/reporter/ukai_kei.html
文化くらし報道部・be編集部,,土曜の「be」を担当。,岩本美帆,http://twitter.com/iwamotoasahi,https://www.asahi.com/sns/reporter/iwamoto_miho.html
横浜総局,,営業系社員で入社したのですが、ひょんなことから９０年代末期、新聞記者になりました。先天性右前腕欠損の身体障害者です。その類いのツイートが多くなると思います。社を代表した意見ではなく、ＲＴやリンクなども賛意とは限りませんので、どうぞよろしくお願いいたします。,岩堀滋,http://twitter.com/OXcb7MMA5Evwo7A,https://www.asahi.com/sns/reporter/iwahori_shigeru.html
新潟総局,,新潟総局,岩波精,http://twitter.com/sei_iwanami,https://www.asahi.com/sns/reporter/iwanami_sei.html
編集委員,,朝日新聞大阪本社で主に考古学や歴史、文化財に関するニュースの取材を担当。サブカル系の記事も時々書いてます。,今井邦彦,http://twitter.com/imaikuni,https://www.asahi.com/sns/reporter/imai_kunihiko.html
社会部,,東京本社社会部所属で武蔵野支局の記者です。,井上恵一朗,http://twitter.com/inobouk16,https://www.asahi.com/sns/reporter/inoue_keiichiro.html
東京スポーツ部,,朝日新聞東京スポーツ部記者。熊本総局（2008.4～2011.5）、津総局（2011.5～2013.3）、大阪スポーツ部（2013.4～2018.1）を経て現職。野球・ソフトボール担当。元常総学院高校野球部。2003年夏の甲子園で優勝したとき、二塁ベース付近,井上翔太,http://twitter.com/Shota2008,https://www.asahi.com/sns/reporter/inoue_shota.html
大阪スポーツ部,,ボクシング、プロ野球阪神の担当記者。元アマボクサー（１戦１勝）→３２歳でプロテスト２回不合格→３７歳でＴＯＥＩＣ９７０点→３９歳で体重１４キロ減。ボクシング専門誌にも寄稿。日課は英語学習、トレーニング,伊藤雅哉,http://twitter.com/masayaito_box,https://www.asahi.com/sns/reporter/ito_masaya.html
編集委員,,朝日新聞記者（スポーツ担当）Sports Writer of Asahi Shimbun Japan　ジャンルは五輪、サッカー、テニス、フェンシング、卓球など雑多。,稲垣康介,http://twitter.com/Inagaki7K,https://www.asahi.com/sns/reporter/inagaki_kousuke.html
文化くらし報道部,,文化くらし報道部の記者。保育士。ただいま育休中。主に保育や待機児童問題、子どもの貧困、社会的養護など、子ども・子育てまわりのことを取材してきました。２００９年に入社し、千葉→滋賀→東京。ダイビングが趣味でしたが、出産後はもっぱらベランダでの家庭菜園にハマっています。,伊藤舞虹,http://twitter.com/maico_ito,https://www.asahi.com/sns/reporter/ito_maiko.html
経済部,,朝日新聞経済部記者,井東礁,http://twitter.com/sho_ito_,https://www.asahi.com/sns/reporter/ito_sho.html
国際報道部,,2010年入社。東京地域報道部→前橋→福島→いわき→大阪経済部→東京経済部に勤め、現在は国際報道部の所属です。,伊藤弘毅,http://twitter.com/HirokiI37371783,https://www.asahi.com/sns/reporter/ito_hiroki.html
メディアデザインセンター編集1部,,かがみよかがみ編集長。2009年朝日新聞入社。「全ての人を満足させようと思ったら、一人も熱狂させられない」という感じ。センス抜群です。楽しい仕事を、楽しい仲間と。,伊藤あかり,http://twitter.com/korapea,https://www.asahi.com/sns/reporter/ito_akari.html
GLOBE編集部,,ＧＬＯＢＥ編集部でデスクをしています。主に社会部で司法制度などを取材してきました。よろしくお願いします,市川美亜子,http://twitter.com/MiakoIchikawa,https://www.asahi.com/sns/reporter/ichikawa_miako.html
文化くらし報道部,,２００８年入社。文芸／アメリカポップカルチャー／フェミニズムなど。コラム「板垣麻衣子の米国ドラマ観察記」連載中。,板垣麻衣子,http://twitter.com/itagaki_m1,https://www.asahi.com/sns/reporter/itagaki_maiko.html
長岡支局,,朝日新聞長岡支局記者（元ジャーナリスト学校主任研究員、月刊Journalism編集部記者）。地元の話題と、ネット時代のジャーナリズムについてつぶやきます。女房と娘と息子を愛する自称イクメンお兄さん。沖縄と海、マリノス、相撲が好き。記事紹介もするけど、僕なぞが会社を代表できるわけもなく、ここで書くのは個人の感想や意見。ＲＴは賛否問わず、「いいね」は主にブックマーク代わり。,伊丹和弘,http://twitter.com/itami_k,https://www.asahi.com/sns/reporter/itami_kazuhiro.html
国際報道部,,国際報道部記者。2005年入社。神奈川や奈良、大阪などで勤務した後、2017年から2020年までヨハネスブルク支局長としてアフリカのサブサハラ４９カ国を主に担当していました。著書に『堕ちた英雄「独裁者」ムガベの37年』、「コリシの言葉－南ア代表黒人初の主将、ワンチームの魂」。共著に『子どもと貧困』『チャイナスタンダード』など。子どもの貧困や教育問題に関心があります。趣味はサッカー観戦,石原孝,http://twitter.com/ishihara_tks,https://www.asahi.com/sns/reporter/ishihara_takashi.html
東京経済部,,東京経済部,渡辺淳基,http://twitter.com/JunkiWatanabe,https://www.asahi.com/sns/reporter/watanabe_junki.html
ヨハネスブルク支局,,ヨハネスブルク支局長。サブサハラアフリカ４９カ国を担当。長崎→和歌山→東京社会部→国際報道部。社会部では警視庁捜査１課を担当し、事件や災害取材が得意分野。共著『祈り　ナガサキノート２』,遠藤雄司,http://twitter.com/YujiEndo6,https://www.asahi.com/sns/reporter/endo_yuji.html
国際報道部,,ビデオ／フォトグラファーとして五輪パラなどスポーツの国際大会、パリ同時多発テロや韓国大統領選挙など海外ニュースを取材してきました。テレビ朝日・映像取材部に在籍時は、ANNニュース、スーパーJチャンネルなど報道番組の制作に関わりました。最近では約５分のショートドキュメンタリー動画を制作しています。Googleと東京都内のバリアフリーを検証した動画企画「Inclusive Tokyo」も企画制作。フィギュアスケートに特化したYouTubeチャンネル「Kiss and Cry Plus」を監修をしています。２児の父。,遠藤啓生,http://twitter.com/asahi_endo,https://www.asahi.com/sns/reporter/endo_hiroki.html
編集委員,,朝日新聞記者。２０１３年秋から、仙台を拠点に、津波の被災地を、東北のあちこちを、歩き回っています。時々つまずきながら。,石橋英昭,http://twitter.com/ishibashi_hide,https://www.asahi.com/sns/reporter/ishibashi_hideaki.html
経済部,,東京本社経済部記者。２０世紀末に記者になり、主に産業や金融、雇用分野で取材を重ね、国際報道部やGLOBE編集部を経て１７年～２１年はニューヨーク特派員（米州経済担当）。公正かつ活力ある経済社会をどうつくるのかがメインテーマ。最近は米国型資本主義の行く末について、あれこれ取材したり考えたりしています。,江渕崇,http://twitter.com/EBUCHI_Takashi,https://www.asahi.com/sns/reporter/ebuchi_takashi.html
東京経済部,,1989年生まれ。2014年、朝日新聞社に入社。神戸総局、宇都宮総局などを経て、東京経済部に。これまでは、労働担当として連合などの労働組合と厚生労働省を担当。現在は財務省を担当し、税制や国際金融がメインテーマです。,吉田貴司,http://twitter.com/t_Yoshida8744,https://www.asahi.com/sns/reporter/yoshida_takashi.html
映像報道部,,朝日新聞社のカメラマンです。スポーツやカルチャー、事件事故や災害、政治、経済など、新聞社ならではの幅広いジャンルを取材しています。ヘリコプターやドローンなど空からの取材も。写真や動画が中心ですが、ときどき記事も書きます。,内田光,http://twitter.com/uchdhkr,https://www.asahi.com/sns/reporter/uchida_hikaru.html
東京社会部,,２００９年から朝日新聞記者。社会福祉士。群馬→山形→大阪と異動して、現在は東京社会部で厚労省と東京五輪・パラリンピック取材を担当しています。大阪社会部時代は、司法クラブ裁判担当として労働問題などを取材しました。関心は社会保障分野。誰もが生きやすく、自立できる社会のあり方を考えています。,遠藤隆史,http://twitter.com/endo_taka4,https://www.asahi.com/sns/reporter/endo_takashi.html
東京スポーツ部,,千葉県千葉市出身。フリースタイルスキー、スノーボードを中心に冬季スポーツ全般を担当しています。ほかに卓球、スポーツクライミング、山岳、冒険も。以前は、プロ野球ソフトバンクのほか、社会部で警視庁の担当だったことも。,吉永岳央,http://twitter.com/take_yoshinaga,https://www.asahi.com/sns/reporter/yoshinaga_takeo.html
編集委員,,朝日新聞の編集委員です。担当分野は警察、事件、犯罪など。警察行政や警察の組織、事件捜査や事案対応を主な取材テーマにしています。,吉田伸八,http://twitter.com/shimpachiy,https://www.asahi.com/sns/reporter/yoshida_shimpachi.html
編集委員,,朝日新聞記者。,豊秀一,http://twitter.com/yutakas5,https://www.asahi.com/sns/reporter/yutaka_shuichi.html
東京社会部,,東京社会部,山本亮介,http://twitter.com/R_Yamamoto24,https://www.asahi.com/sns/reporter/yamamoto_ryosuke.html
文化くらし報道部,,文化くらし報道部,山本奈朱香,http://twitter.com/yamamotonasuka,https://www.asahi.com/sns/reporter/yamamoto_nasuka.html
東京スポーツ部,,岡山県津山市出身。スポーツ部の記者です。これまでにアマチュア野球（高校、大学、社会人）、プロ野球（中日、日本ハム、巨人）、大リーグ（大谷翔平の１年目）を担当。冬季競技はフィギュアスケートを主に取材しました。２０２２年３月まで休職中。現在、大学院で高校の運動部活動と地域との関係について研究しているので、中・高の部活動をめぐる課題や地域活性化なども関心があります。,山下弘展,http://twitter.com/nihonbara76,https://www.asahi.com/sns/reporter/yamashita_hironobu.html
コンテンツ編成本部（大阪）,,コンテンツ編成本部（大阪）のデスクです。朝日新聞デジタルの編成をしています。和歌山、広島での勤務、東京での紙面編集、旧デジタル編集部を経て現在の職場に。外国人との共生、いじめや差別をテーマにした記事をwithnewsで書いています。,山本晋,http://twitter.com/yammtoshin,https://www.asahi.com/sns/reporter/yamamoto_shin.html
論説委員,,朝日新聞で記者をしておりまして、いまは香港を拠点に取材しています。街の活気とか、ふつうの人の喜怒哀楽に興味があります。,山中季広,http://twitter.com/ymnk_t,https://www.asahi.com/sns/reporter/yamanaka_toshihiro.html
デジタル機動報道部,,この春誕生した「デジタル機動報道部」の記者です。,山下剛,http://twitter.com/GoYamashita,https://www.asahi.com/sns/reporter/yamashita_go.html
編集委員,,　岡山県出身。山陽放送アナウンサーを経て、朝日新聞入社。朝刊コラム「多事奏論」、ウエブコラム「アナザーノート」の筆者の一人。国際関係を列車に乗りながら考える「鉄輪で行く中国・アジア」連載中です（https://globe.asahi.com/series/11013215）。,吉岡桂子,http://twitter.com/Yoshioka_keiko,https://www.asahi.com/sns/reporter/yoshioka_keiko.html
論説委員,,東京社会部を経て、いまは論説委員をしています。沖縄勤務を２回にわたって計５年ほど。,谷津憲郎,http://twitter.com/yatsu_n,https://www.asahi.com/sns/reporter/yatsu_norio.html
デジタル機動報道部,,技術部門と記者部門を行ったり来たりしてます。今は「データジャーナリズムで何かやる」がミッション。興味分野は機械学習や自然言語処理、データ分析などなど。「常識とは不特定多数の非常識」をモットーにちょっと斬新なことを日々探し歩いています。,山崎啓介,http://twitter.com/k2_yamazaki,https://www.asahi.com/sns/reporter/yamazaki_keisuke.html
東京本社編集局長室,,朝日新聞東京本社編集局長補佐,山口進,http://twitter.com/yamaguchis21,https://www.asahi.com/sns/reporter/yamaguchi_susumu.html
東京スポーツ部,,朝日新聞東京本社スポーツ部で野球や体操を担当しています。長らく大阪で高校野球を担当していました。第100回全国選手権の大阪桐蔭vs金足農などを取材。1982年生まれ、富山県高岡市出身。自分でも大学まで野球をしていました。ポジションは捕手。,山口史朗,http://twitter.com/shiro_yaiyai,https://www.asahi.com/sns/reporter/yamaguchi_shirou.html
生活文化部,,宝塚歌劇や音楽、性の多様性の記事を執筆しています。夕刊「オトナの保健室」のメンバーとして月１回連載中。ジェンダー・セクシュアリティ研究を専攻していました。,杢田光,http://twitter.com/mokuta_hikari,https://www.asahi.com/sns/reporter/mokuta_hikari.html
東京スポーツ部,,大阪府豊中市出身。２０１５年に入社。横浜総局、岐阜総局で警察・裁判と行政の取材を経て、１９年から東京スポーツ部に所属。プロ野球がメインでロッテ、楽天の担当を歴任。サーフィンも取材。,室田賢,http://twitter.com/muroken2015,https://www.asahi.com/sns/reporter/murota_ken.html
編集委員,,朝日新聞東京本社編集委員。17年３月まで山形総局長でした。過去には論座や朝日ジャーナルなど雑誌も7年ほど。投稿内容は個人の考えで会社の見解ではありません。ＲＴやリンクは賛成を意味するとは限りません。,村山正司,http://twitter.com/MuraShoji,https://www.asahi.com/sns/reporter/murayama_shoji.html
文化くらし報道部,,朝日新聞文化くらし報道部記者。担当は将棋。岐阜→高山→東京→大阪→東京。放送担当の頃はラテ欄の「試写室」を、大阪では美術や文芸、囲碁を担当。松坂世代。居飛車党。投稿内容は個人の見解。ＲＴは賛意を示すとは限らず、返信は気まぐれです。,村瀬信也,http://twitter.com/murase_yodan,https://www.asahi.com/sns/reporter/murase_shinya.html
スポーツ部,,１９９６年に入社。転職して、２６歳で記者になりました。以来、大阪、福岡、名古屋、東京、ＮＹなどを渡り歩き、スポーツの取材ほぼ一色。主に相撲、野球、大リーグを担当しました。好きな選手は、マイケル・ジョーダン。趣味は英語学習、筋トレ、ゴルフです。神奈川県二宮町生まれ。,村上尚史,http://twitter.com/N3Murakami,https://www.asahi.com/sns/reporter/murakami_naofumi.html
文化くらし報道部,,将棋と囲碁を担当。将棋の名人戦や順位戦、朝日杯将棋オープン戦、囲碁の名人戦を中心に主にプロ棋戦を取材しています。棋力は、将棋はアマ四段、囲碁はアマ初段くらい。大分市出身。,村上耕司,http://twitter.com/mura_koji,https://www.asahi.com/sns/reporter/murakami_koji.html
文化くらし報道部,,文化くらし報道部記者。現在は放送担当。文芸、出版も担当していました。１９８９年水戸市生まれ。,宮田裕介,http://twitter.com/Fo90R,https://www.asahi.com/sns/reporter/miyata_yusuke.html
大阪社会部,,朝日新聞記者。富山→和歌山→大阪→奈良→東京→いま大阪社会部▶️子ども・若者の長期取材→ルポ連載。直近は、東京朝鮮中高級学校の「等身大のキャンバス」、記録映画「北園現代史」を撮った高校生の「学校の自由って何？」、ミャンマー代表GKピエリアンアウンさんの「私は帰れない」など▶️生活綴方。共著「こころの作文」,宮崎亮,http://twitter.com/karamisomen,https://www.asahi.com/sns/reporter/miyazaki_ryou.html
東京社会部,,2017年入社。さいたま、盛岡で県警や県政などを担当し、21年4月から東京社会部。,御船紗子,http://twitter.com/schokomiffie,https://www.asahi.com/sns/reporter/mifune_shoko.html
編集委員（外交・アメリカ中国担当）,,中国総局員（北京勤務）、ハーバード大学フェアバンクセンター中国研究所客員研究員などを経て、アメリカ総局員（ワシントン勤務）。優れた報道で国際理解に貢献したジャーナリストに贈られるボーン・上田記念国際記者賞受賞（2010年度）。著書に『潜入中国　厳戒現場に迫った特派員の2000日』（朝日新書）や『宿命 習近平闘争秘史』（文春文庫）など。北海道大学公共政策学研究センター研究員。,峯村健司,http://twitter.com/kenji_minemura,https://www.asahi.com/sns/reporter/minemura_kenji.html
メディアラボ,,大阪社会部、GLOBE編集部、朝日放送テレビなどを経てメディアラボメンバー。AIを使ったスポーツの撮影に取り組んでいる。かつて留学した西アフリカが心のふるさと。,宮崎勇作,http://twitter.com/yskmiyazaki,https://www.asahi.com/sns/reporter/miyazaki_yusaku.html
編集委員,,朝日新聞編集委員。１９９０年代からずっと「いま」を生きるこどもたちと、その未来へつながる教育を追い続けています。学校、授業、ICT教育、インクルーシブ教育、いじめ、不登校、入試、教育政策……。投稿は個人の考えで朝日新聞社の見解ではなく、ＲＴやリンクは内容に賛意を示すものではありません。,宮坂麻子,http://twitter.com/asako_miyasaka,https://www.asahi.com/sns/reporter/miyasaka_asako.html
サンフランシスコ支局兼デジタル編集部,,　朝日新聞記者。鹿児島、山口総局、東京社会部、GLOBE編集部、国際報道部兼経済部を経て現職。海に沈む戦争の記録、人を描くこと、舞台や映画も。,宮地ゆう,http://twitter.com/yumiyaji,https://www.asahi.com/sns/reporter/miyaji_yu.html
コンテンツ編成本部,,コンテンツエディター。記者、デスクとして主に事件・裁判・調査報道、皇室取材などを担当。,三橋麻子,http://twitter.com/mmmm_asako,https://www.asahi.com/sns/reporter/mitsuhashi_asako.html
福島総局,,震災報道や国際報道を担当。近著「五色の虹　満州建国大学卒業生たちの戦後」で第１３回開高健ノンフィクション賞を受賞,三浦英之,http://twitter.com/miura_hideyuki,https://www.asahi.com/sns/reporter/miura_hideyuki.html
デジタル機動報道部・withnews編集部,,withnews副編集長。からだやダイエット・ルッキズムにまつわる問題、選択的夫婦別姓に興味があります。大分総局→新潟総局→大阪編集センター→東京・科学医療部→メディアデザインセンター（新規事業）を経験しました。旅行・猫・動物・カープ（黒田さん）・高校野球応援・マンガ・映画・相撲（稀勢の里）が好きです。withnewsで連載「夜廻り猫」の編集も担当しています。,水野梓,http://twitter.com/mizunoazusa11,https://www.asahi.com/sns/reporter/mizuno_azusa.html
スポーツ部,,朝日新聞スポーツ部記者。バスケットボールやサッカーを中心に取材しています。2012年入社→北海道報道センター→和歌山総局→埼玉総局→編集センター→現職。中高バスケ部で右膝前十字靱帯断裂経験者。大学ではアルティメットフリスビー。教育の話題にもアンテナを張っています。,松本麻美,http://twitter.com/Asa_asa_sports,https://www.asahi.com/sns/reporter/matsumoto_asami.html
オピニオン編集部,,朝日新聞記者で、今はオピニオン編集部で「ひと」「惜別」欄を担当しています。インタビューも随時。以前は沖縄、NYに駐在し、ロスジェネ企画を担当し、北極圏のルポをし、日中韓の愛国系若者に話を聞き、オバマ、トランプ両大統領の誕生を取材しました。最近は人口問題に関心を持っています。,真鍋弘樹,http://twitter.com/HirokiManabe,https://www.asahi.com/sns/reporter/manabe_hiroki.html
メディアデザインセンター,,編集1部、大学スポーツ専門サイト「4years.」の副編集長,松永早弥香,http://twitter.com/ohmatu27,https://www.asahi.com/sns/reporter/matsunaga_sayaka.html
北海道報道センター,,北海道報道センター記者（北海道庁の記者クラブ所属）。ジュネーブ支局長兼モスクワ特派員（2014~18）や環境省担当（2019~2020）などをへて2020年４月より現職。国連や軍縮・軍備管理、1991年に崩壊直前のソビエト社会主義共和国連邦を訪ねた縁でロシア・ウクライナなど旧ソ連圏全般に関心。MSc in Forestry ,松尾一郎,http://twitter.com/SosnaKhvost,https://www.asahi.com/sns/reporter/matsuo_ichiro.html
論説委員,,論説委員としては教育全般を担当。大学などの高等教育担当の編集委員も兼務しています。２０２２年４月に大阪府立大と統合されて名前が消える大阪市立大の出身です。,増谷文生,http://twitter.com/kotahina1,https://www.asahi.com/sns/reporter/masutani_fumio.html
編集委員,,朝日新聞社の政治担当編集委員です。コラム「政治断簡」の筆者の一人で、とくに「ガバナンス」という分野を担当します。,松下秀雄,http://twitter.com/hideomatsushita,https://www.asahi.com/sns/reporter/matsushita_hideo.html
経済部,,朝日新聞記者。東京本社経済部。共著には『電気料金はなぜ上がるのか』（岩波新書）、『ルポ　老人地獄』（文春新書）、『ルポ　税金地獄』（文春新書）、『負動産時代』（朝日新書）など。ＮＨＫ記者、くらし編集部、週刊朝日編集部、ｂｅ編集部、特別報道部など。,松浦新,http://twitter.com/newsmatsuura,https://www.asahi.com/sns/reporter/matsuura_shin.html
東京社会部,,"朝日新聞記者（東京社会部、町田支局長）。津、名古屋、東京、スイス、山形で記者20年。@asahi reporter based in Machida,Tokyo. Ex-",前川浩之,http://twitter.com/hmaegawa,https://www.asahi.com/sns/reporter/maegawa_hiroyuki.html
編集担当補佐・コンテンツ戦略ディレクター,,１９９２年、朝日新聞社入社。山口支局→西部本社社会部(福岡)→政治部で首相官邸、自民党、民主党など担当。政治部デスク、名古屋報道センターデスク、政治担当編集委員、世論調査部長をへて現職。政治記者として政党政治・選挙を中心に執筆活動をしてきましたが、今はジャーナリズムのＤＸにかかわるお仕事をしています。趣味は音楽、美術、グルメ、バー、スコッチウイスキー、カクテル、コーヒー。大学時代は、武蔵野美大で視覚伝達デザインを勉強していました。,前田直人,http://twitter.com/Nao_Maeda_Asahi,https://www.asahi.com/sns/reporter/maeda_naohito.html
編集委員,,編集委員,堀篭俊材,http://twitter.com/horigome_t,https://www.asahi.com/sns/reporter/horigome_toshiki.html
東京経済部,,東京経済部,堀内京子,http://twitter.com/Kyoko_quetta,https://www.asahi.com/sns/reporter/horiuchi_kyoko.html
論説委員,,神奈川県生まれ。１９９０年入社。上海、北京、瀋陽の特派員などを経て２０１３年～１８年に中国総局長。１８年から国際担当の論説委員。,古谷浩一,http://twitter.com/furuyakoichi,https://www.asahi.com/sns/reporter/furuya_koichi.html
ニューヨーク支局,,2019年春からNY勤務。アメリカ社会と国連をカバー。,藤原学思,http://twitter.com/fujiwara_g1,https://www.asahi.com/sns/reporter/fujiwara_gakushi.html
中国総局,,朝日新聞北京特派員。1977年、大阪府生まれ。2000年、朝日新聞入社。静岡、新潟総局を経て2005年より政治部。首相官邸、自民党、公明党、民主党、財務省、外務省などを担当。2016～18年に上海支局長。2018年より現職。共著に『小泉純一郎、最後の闘い ただちに「原発ゼロ」へ!』(筑摩書房)、『核心の中国 習近平はいかに権力掌握を進めたか』(朝日新聞出版)など。,冨名腰隆,http://twitter.com/funakoshi_ta,https://www.asahi.com/sns/reporter/funakoshi_takashi.html
映像報道部,,前職はテレビ局でカメラマンをやっており、報道・情報番組などに携わっていました。新聞やテレビなどの枠にとらわれず、写真や動画での新しい表現方法を常に模索しています。,藤原伸雄,http://twitter.com/fujinobcam,https://www.asahi.com/sns/reporter/fujiwara_nobuo.html
東京本社社会部,,2017年に入社後、山口、和歌山、東京で勤務してきました。埼玉県出身。サッカー・ラグビーはじめとしたスポーツの話題、ジェンダーを巡る課題に関心があります。多胎育児についても取材中。所属している社会部では様々な話題を取材しています。,藤野隆晃,http://twitter.com/fujino_asahi,https://www.asahi.com/sns/reporter/fujino_takaaki.html
科学医療部,,東京本社科学医療部記者。原発担当。研究者の世界のジェンダーギャップやハラスメント、理系に進む女性が少ないことなどに関心があり、連載「『リケジョ』がなくなる日」を担当しました。大学では工学部で、再生可能エネルギーの導入シミュレーションなどを研究。趣味は美術館めぐり（特に西洋絵画）と読書。過去には埼玉、徳島、大阪社会部で勤務し、２０２０年４月～現職。,藤波優,http://twitter.com/yu_fujinami,https://www.asahi.com/sns/reporter/fujinami_yu.html
編集委員,,朝日新聞記者（文化担当）。演劇・舞台芸術を取材しています。,藤谷浩二,http://twitter.com/fujitani_koji,https://www.asahi.com/sns/reporter/fujitani_koji.html
経済部,,経済部の労働チームで、連合など労働組合を担当。子どものころから関心があって学生時代にも学んだ外国人の方々が抱える問題も取材しています。最近の連載は「国籍のない子どもたち」（https://www.asahi.com/rensai/list.html?id=1222）「日本と外国のあいだで」（https://www.asahi.com/rensai/list.html?id=1227）。,藤崎麻里,http://twitter.com/mari_fujisaki_,https://www.asahi.com/sns/reporter/fujisaki_mari.html
東京スポーツ部,,福岡県北九州市出身。２００５年入社。津、山形両総局で事件事故担当などを経て、２０１１年よりスポーツ部。大阪、東京で主にサッカーを担当してきました。Ｊリーグの担当は神戸、ガ大阪、広島、浦和を経て、現在は鹿島の担当。代表取材は１４年リオ五輪代表チームを取材、その後は日本代表を取材しています。,藤木健,http://twitter.com/fujikit621,https://www.asahi.com/sns/reporter/fujiki_takeshi.html
編集委員,,日本政治・外交・安全保障を担当しています。どこでも取材に行きます。どしどしご意見ください！,藤田直央,http://twitter.com/naotakafujita,https://www.asahi.com/sns/reporter/fujita_naotaka.html
映像報道部,,フォトグラファー。2014年9月から4年8ヶ月間仙台を拠点に東北6県を担当。ニュースだけでなくニュースにならない被災地のいまや、東北の魅力を発信します。メディアのあり方を自問中。現在は東京勤務ですがライフワークは東北、特に福島の取材。今でも月に1、2回は東北に帰ってます,福留庸友,http://twitter.com/photofdm,https://www.asahi.com/sns/reporter/fukudome_yosuke.html
4years.編集部,,"JR東日本で駅員、常磐線の車掌を経験したのち出版社に転職。ウェブ制作会社、スタートアップ・ベンチャーなどを経て2018年朝日新聞社入社。telling,の立ち上げに関わったのち、2019年より現職。取材対象者の「ありのまま」の魅力が伝わるような表現を心がけています。大会になると写真撮影も。趣味は旅行で、日本縦断と世界一周経験は各2回。DeNAベイスターズ、Perfumeファン。",藤井みさ,http://twitter.com/misaxxfujii,https://www.asahi.com/sns/reporter/fujii_misa.html
東京科学医療部,,沖縄生まれの元球児。静岡→水戸→東京科学医療部。原子力規制委員会を取材しています。ツイートは朝日新聞の見解ではなく、リツイートは賛意とは限りません。,福地慶太郎,http://twitter.com/kei_fukuchi,https://www.asahi.com/sns/reporter/fukuchi_keitaro.html
東京経済部,,1980年生まれ。慶応義塾大学法学部政治学科卒業。2002年、朝日新聞社に入社。盛岡総局、浜松支局を経て、名古屋と東京の経済部で自動車業界、財務省、経済産業省、銀行業界、日本銀行、IT業界を担当。その間、欧州ジャーナリズム・センター（ブリュッセル）への研修派遣や北京大学への留学を経験。その後、北京特派員（2017年4月～20年8月）を経て、東京経済部に復帰。関心分野は産業、テクノロジー、中国、経済安保。単著に「内側から見た『AI大国』中国」、取材班として「米中争覇」「テクノロジーの未来が腹落ちする25のヒント」「チャイナスタンダード」「核心の中国」（いずれも朝日新聞出版）。趣味は旅、写真、トレーニング。,福田直之,http://twitter.com/fukuda_naoyuki,https://www.asahi.com/sns/reporter/fukuda_naoyuki.html
甲府総局,,４月から朝日新聞の甲府総局に。外国人労働者、技能実習生、留学生、日系人の暮らしや労働、教育などに関心があります。ロサンゼルス兼ハバナ特派員、サンパウロ特派員もしていました。著書に「ゲバラの実像」(朝日新聞出版)。,平山亜理,http://twitter.com/arihira,https://www.asahi.com/sns/reporter/hirayama_ari.html
メディアデザインセンター,,朝日新聞社・子どもの習い事と新しい学びが見つかるwebサイト「みらのび」編集長。社会部、AERA編集部などで教育記者などを担当しました。Bruno Marsと宮藤官九郎が好き。スイーツはモンブランが大好き。,平岡妙子,http://twitter.com/hirari316,https://www.asahi.com/sns/reporter/hiraoka_taeko.html
コンテンツ編成本部,,　コンテンツ編成本部のデジタル担当。デジタル配信、動画コンテンツづくり、スポーツの企画などを担当しています。元々はスポーツ取材が長く、主にオリンピックを担当していました。趣味はマラソンです。ツイッターでの投稿内容は私個人の意見です。朝日新聞社の見解ではありません。RTやリンクは賛意とは限りません。,平井隆介,http://twitter.com/hira_ryuu,https://www.asahi.com/sns/reporter/hirai_ryusuke.html
メディアデザインセンター,,かがみよかがみ編集部。栃木を振り出しに、北は宮城、南は沖縄まで。もと科学・医療系の記者です。,福島慎吾,http://twitter.com/YongoShingo,https://www.asahi.com/sns/reporter/fukushima_shingo.html
国際報道部,,国際報道部員。高知、熊本、名古屋などで警察や行政・教育担当を経てデジタル編集部で２年間、デジタル配信やSNS戦略・運用を担当しました。,日高奈緒,http://twitter.com/hidaka_nao,https://www.asahi.com/sns/reporter/hidaka_nao.html
編集委員,,長野県出身、早稲田大学卒。日本経済新聞社を経て１９８８年、朝日新聞社に入社。経済記者として財務省や経産省、日本銀行などの政策取材のほか、金融、エネルギーなどの民間取材も多数経験。経済社説を担当する論説委員、書評委員、朝刊の当番編集長などを経て、経済担当の編集委員。コラム「多事奏論」を執筆中。,原真人,http://twitter.com/makotoha,https://www.asahi.com/sns/reporter/hara_makoto.html
東京本社編集局,,政治部で主に首相官邸や外務省、自民党を担当しました。2014～17年はソウル支局で勤務し、韓国や北朝鮮を取材しました。今は朝日新聞労働組合の本部執行委員長を務めています。,東岡徹,http://twitter.com/HigashiokaT,https://www.asahi.com/sns/reporter/higashioka_toru.html
東京科学医療部,,いつも痛い目みております。,東山正宜,http://twitter.com/itaimecom,https://www.asahi.com/sns/reporter/higashiyama_masanobu.html
経済部,,95年入社。広島、神戸、大阪社会部を経て政治部。小泉総理番、青木参院幹事長番。経済部では自動車、重工、経産省担当。小沢民主党代表番、YKK番、谷垣G担当など。鳩山、菅政権で官邸サブキャップ、野田政権で外務・防衛キャップ、第２次安倍政権で官邸キャップ。西部報道センターで内政、沖縄担当デスク。大阪社会部で行政、総括デスク。政治部で国会、デジタル、総括デスク。20年9月から経済部長代理。KBC九州朝日放送「土曜もアサデス。」コメンテーター、BS朝日「激論！クロスファイア」コメンテーター。朝日新聞出版「原爆ドーム」、講談社「総理メシ」、朝日新聞出版「ポスト橋下の時代」など。,林尚行,http://twitter.com/thayash11297025,https://www.asahi.com/sns/reporter/hayashi_takayuki.html
編集委員,,　前・大槌駐在。町民として、ひたすら大槌から復興を見る記事を書いています。過去は愛知県警担当を３年、三重・岩手県庁担当を計３年、政治部で官邸、自民党、民主党、国会運営、選挙、外務省などの担当を通算８年。新聞やアサヒコム編集の仕事を経て、特別報道センターで政治を中心にジャンルにとらわれないテーマを追いかけ、２０１１年３月末から大槌町で取材を開始しました。これまでの日本では決して見られなかったこと、そして将来の日本のために見ておくべきことが、ここで起きています。言って見れば全ての「原点」がここでむき出しになっています。単なる被災地としてではない視点で、是非つぶやきを聞いていただき、感じていただければと思います。\n　ラーメン、カレー、たまにお好み焼きかたこ焼きで、１年は生きていけますが、大槌ではサケやサンマなど海の幸、松茸やシイタケなどの山の幸に囲まれ、少々太っています。\n　ツイッターでの投稿内容は私個人の意見です。朝日新聞社の見解ではありません。ＲＴやリンクは賛意とは限りません。,東野真和,http://twitter.com/otutichuzai,https://www.asahi.com/sns/reporter/higashino_masakazu.html
文化くらし報道部,,朝日新聞記者。#介護（#認知症、#ヤングケアラー、#若者ケアラー、#介護職）や子ども（#社会的養育、#障害、#医療的ケア）などに関心をもって取材しています。発言は個人の見解です。社会福祉士。リンク・RTは賛意とは限りません。,畑山敦子,http://twitter.com/hatayama_a,https://www.asahi.com/sns/reporter/hatayama_atsuko.html
文化くらし報道部,,ファッションのほか、稲垣吾郎さん、草彅剛さん、香取慎吾さんによるリレー連載「地図を広げて」などを担当。,長谷川陽子,http://twitter.com/Y5Hasegawa,https://www.asahi.com/sns/reporter/hasegawa_yoko.html
大阪経済部,,１９９１年奈良生まれ。２０１４年入社。北海道、茨城、東京経済部を経て、２１年４月から大阪経済部。観光業などを取材しています。地域活性化の取り組みや、関西企業の新たな動きを伝えます。,箱谷真司,http://twitter.com/shinji_hakotani,https://www.asahi.com/sns/reporter/hakotani_shinji.html
東京科学医療部,,朝日新聞の編集委員。福井支局を振り出しに東京、大阪科学部で原発や医療を担当してきました。東日本大震災時は科学医療部デスク。２０１２年春から現職で、原発・エネルギー分野などを担当しています。,服部尚,http://twitter.com/hattorihisa,https://www.asahi.com/sns/reporter/hattori_hisashi.html
東京科学医療部,,東京科学医療部,野中良祐,http://twitter.com/nonaka_ry,https://www.asahi.com/sns/reporter/nonaka_ryosuke.html
コンテンツ編成本部,,朝日新聞デジタルのデスクです。医療サイト「アピタル」前編集長。被災地、デジタルメディアへの思いもつぶやいてます。ツイッターの投稿内容は朝日新聞社の見解ではなく、ＲＴやリンクは賛意とは限りません。,野瀬輝彦,http://twitter.com/terubou1,https://www.asahi.com/sns/reporter/nose_teruhiko.html
アジア総局＜バンコク＞,,朝日新聞アジア総局員。アフガニスタンやパキスタン、タイなどを取材します。仙台、名古屋、ニューヨーク、イスラマバードなどを経て2019年7月から現職。,乗京真知,http://twitter.com/MasatomoNorikyo,https://www.asahi.com/sns/reporter/norikyo_masatomo.html
東京本社編集局,,編集局長補佐として、日々のデジタルや紙面の編集に携わっています。みなさまに必要とされるメディアとして生き残れるよう、試行錯誤の日々です,野沢哲也,http://twitter.com/tomo_sumi_tetsu,https://www.asahi.com/sns/reporter/nozawa_tetsuya.html
ベルリン支局,,１９７３年、岡山県倉敷市生まれ。ドイツ・ベルリンを拠点に、欧州の政治、経済、外交など、さまざまな話題を追いかけています。２０１１～１４年にはブリュッセルに駐在し、ＥＵやＮＡＴＯなどを担当しました。国内では、ＧＬＯＢＥ編集部や経済部などで取材しました。,野島淳,http://twitter.com/nojimajun,https://www.asahi.com/sns/reporter/nojima_jun.html
ジャカルタ支局,,２００３年に入社。大阪社会部などを経て国際報道部。共著に「ルポ 橋下徹」「証拠改竄」「プロメテウスの罠４」など。,野上英文,http://twitter.com/Hi_noga3,https://www.asahi.com/sns/reporter/nogami_hidefumi.html
編集委員,,編集委員,野上隆生,http://twitter.com/nogamit1,https://www.asahi.com/sns/reporter/nogami_takao.html
国際報道部,,東京社会部や台北支局などを経て、現在、国際報道部で勤務。メールは、nishimoto-h1(at)asahi.com,西本秀,http://twitter.com/xibenxiu,https://www.asahi.com/sns/reporter/nishimoto_hideshi.html
東京映像報道部,,映像報道部のフォトグラファー（写真記者）。事件・事故、災害からスポーツ、人物・自然まで、幅広く取材撮影しています。,西畑志朗,http://twitter.com/NSHT_46,https://www.asahi.com/sns/reporter/nishihata_shirou.html
成田支局,,　安芸支局長（高知）。室戸岬側の２市3町4村が担当地域。取材歴の大半はスポーツで、野球、大相撲、ゴルフなど22年。ツイッターでの投稿内容は私個人の意見です。朝日新聞社の見解ではありません。ＲＴやリンクは賛意とは限りません。,根岸敦生,http://twitter.com/Atsuo_NGS_Asahi,https://www.asahi.com/sns/reporter/negishi_atsuo.html
文化くらし報道部,,文化くらし報道部,西田健作,http://twitter.com/nishida_k1,https://www.asahi.com/sns/reporter/nishida_kensaku.html
東京経済部,,東京経済部の記者で、現在の担当テーマは労働。連合など労働組合をおもに取材しています。つぶやきは会社を代表しません。これまでの任地は、秋田、岐阜、名古屋、東京社会部。,贄川俊,http://twitter.com/ShunNiekawa,https://www.asahi.com/sns/reporter/niekawa_shun.html
シンガポール支局長,,2000年朝日新聞入社。日本では東京、大阪、神戸、京都、仙台、静岡、長野の各地で勤務経験あり。GLOBE編集部を経て2020年4月にシンガポールに赴任。GLOBEでは「デジタルプライバシー」「麻薬」「土」「データサイエンス」「迷惑」などの特集を担当しました。,西村宏治,http://twitter.com/Koji_NISHIMURA,https://www.asahi.com/sns/reporter/nishimura_koji.html
ニューデリー支局,,ニューデリー支局長。インドのほか、バングラデシュ、スリランカ、ネパール、モルディブ、ブータンも取材します。和歌山、新潟、愛知、経済部、政治部などをへて１７年から現職。,奈良部健,http://twitter.com/narabe_takeshi,https://www.asahi.com/sns/reporter/narabe_takeshi.html
経済部,,2004年入社。甲府、山形総局を経て、2010年から経済部。街づくり、再開発、住まいに関心があり、記者サロン「コロナとすまい」を企画するなど、取材を続けています。民間企業の取材が長く、「よみがえったオークラロビー」「ＪＡＬ破綻の真相」「東芝の迷宮」などの連載も手がけました。読者の皆様の心が温まり、時に熱くなるような記事を目指しています。,南日慶子,http://twitter.com/KNannichi,https://www.asahi.com/sns/reporter/nannichi_keiko.html
大阪社会部,,新型コロナウイルス／精神疾患／社会保障／教育／保育／虐待／人権／マイノリティ／ＰＴＡなどを主な関心事に、日々取材しています。＊投稿は社の見解ではなく、ＲＴやリンクは賛意とは限りません。,長富由希子,http://twitter.com/yukiko_nagatomi,https://www.asahi.com/sns/reporter/nagatomi_yukiko.html
社会部,,東京社会部デスク（事件、サイバーなど担当）。これまで社会部で警視庁、国交省（運輸）などを取材。デジタル編集部デスクを経て19年5月から現職。前橋、仙台、福岡でも勤務。,永田工,http://twitter.com/nagatako,https://www.asahi.com/sns/reporter/nagata_ko.html
東京映像報道部,,東京映像報道部,長島一浩,http://twitter.com/kazu_7ga,https://www.asahi.com/sns/reporter/nagashima_kazuhiro.html
編集委員,,食と社会文化を担当しています。2021年春に東京文化くらし報道部から大阪生活文化部に。連載 は「ごはんラボ」「おかしとことば」。 料理記者歴30年に近づきましたが、関西の食について知らないことばかりです。　,長沢美津子,http://twitter.com/nagasawamitsuko,https://www.asahi.com/sns/reporter/nagasawa_mitsuko.html
東京社会部,,南極・北極を行く極道の女!?朝日新聞の南極記者です。45次観測隊で越冬、51次隊で隕石探査。登山、潜水、北極へも。「グリーンランド取材記」http://www.asahi.com/special/greenland/ …\n 書き込みは個人の考えで朝日新聞の見解とは関係なく、RTやリンクは賛意を示すものではありません。,中山由美,http://twitter.com/YumiPolar,https://www.asahi.com/sns/reporter/nakayama_yumi.html
GLOBE編集部,,朝日新聞GLOBE記者。イスラマバード支局長などを経て、2017年秋までハフポスト日本版ビジネス＆マネー編集長（出向）でした。ニュージーランドのドミニオン・ポスト紙に記者交換で１カ月半派遣された経験もあります。国際ニュースやデジタル以外に、エンタメやスポーツに関心があります。福島、千葉、静岡でも勤務しました。,中野渉,http://twitter.com/watarunakano,https://www.asahi.com/sns/reporter/nakano_wataru.html
東京本社社会部,,朝日新聞記者。東京本社社会部で国税を担当しています。大分総局を振りだしに、福岡や青森での勤務経験もあります。３児の父親で、大層なネコ好き。宅建士。簿記２級。投稿は私見、RT・いいねは賛意とは限りません。,中野浩至,http://twitter.com/NakanoHiroshi56,https://www.asahi.com/sns/reporter/nakano_hiroshi.html
編集委員,,朝日新聞編集委員。大阪本社の生活文化部で仕事しています。歴史・考古学、文化財、伝統工芸、世界遺産などを主に担当。クラシックやオーディオ好き。フォークギターで熱く歌います。柔道黒帯。著書に『世界遺産』（岩波新書）『遺跡でたどる邪馬台国論争』（同成社）『文化財報道と新聞記者』（吉川弘文館）など。,中村俊介,http://twitter.com/pokuchinN,https://www.asahi.com/sns/reporter/nakamura_shunsuke.html
阪神支局,,専門記者（子ども、貧困）。2008年から子どもの貧困を取材しています。貧困問題と深く関わるジェンダー、家族や無戸籍問題などもを取材する中で、息長く、しつこく、伝え続けようと思うに至りました。著者に「貧困のなかでおとなになる」（２０１２年、かもがわ出版）、共著に「増補版　子どもと貧困」「生まれ、育つ基盤ー子どもの貧困と家族・社会」「子どもの貧困ハンドブック」 など。,中塚久美子,http://twitter.com/kumikonakatsuka,https://www.asahi.com/sns/reporter/nakatsuka_kumiko.html
東京社会部,,朝日新聞記者、宮内庁を担当。０７年に入社し、愛媛、千葉を経て東京社会部に所属。宮内庁担当の前は、鉄道や空の便など交通を取材。猫（キジトラのオス、５歳）を飼っています。,中田絢子,http://twitter.com/ayako_nkd,https://www.asahi.com/sns/reporter/nakada_ayako.html
東京スポーツ部,,朝日新聞東京スポーツ部でデスクをしています。記者時代は主にサッカーやラグビーを担当。スポーツの価値、スポーツする意味って何だろうって思案する日々。,中川文如,http://twitter.com/nakagawafumi,https://www.asahi.com/sns/reporter/nakagawa_fumiyuki.html
科学医療部,,事件、ファッション、メディア担当など幅広い分野で仕事をしてきました。現在は科学医療部のデスクとして、コロナや五輪・パラリンピック、がん、認知症を担当しています。ツイートは個人の見解で、朝日新聞社の考えではありません。リツイートやリンクは賛意を示すものではありません。,中島耕太郎,http://twitter.com/Nakajima_Kotaro,https://www.asahi.com/sns/reporter/nakajima_kotaro.html
編集委員,,「スポーツと社会」担当の編集委員。２００２年日韓Ｗ杯ではソウル支局員。競技を横断的にとらえながらスポーツ環境全般を深掘りする記事を目指します。著書に「ジーコスタイル」「４０歳からうまくなるサッカー」など。,中小路徹,http://twitter.com/nakakojit,https://www.asahi.com/sns/reporter/nakakoji_toru.html
東京社会部,,　ニューヨーク支局員。アメリカ社会の話題、事件、人、文化などを担当。カナダもカバーします。アメリカは生まれた場所であり、人生最初の８年間を過ごした国ですが、長期的に住むのはそれ以来です。その変化を感じつつも、この国で起きていることを読者の皆さまに伝えていければと思っています。,中井大助,http://twitter.com/daisukenakai,https://www.asahi.com/sns/reporter/nakai_daisuke.html
経済部,,１９７６年生まれ。京都大学総合人間学部卒。１９９９年に入社し、福島、横浜で事件や行政の取材を担当後、２００４年から経済記者に。製造業、流通、食品、運輸、建設・不動産、通信・ＩＴ、金融などの業界や、経済政策、郵政民営化の取材を経験。調査報道や長期連載も担当してきました。「働く」「カイシャ」「経済格差」「官と民」「企業統治」といったテーマを追っています。共著に『分裂にっぽん』（朝日新聞社）、『限界にっぽん』（岩波書店）など。メールアドレスは naito-h1@asahi.com,内藤尚志,http://twitter.com/naitouhisasi,https://www.asahi.com/sns/reporter/naito_hisashi.html
大阪経済部,,２０１３年入社。２０２０年から大阪経済部。近畿に拠点を置く企業のほか、ＩＲや万博なども取材しています。,筒井竜平,http://twitter.com/r_tsutsui,https://www.asahi.com/sns/reporter/tsutsui_ryuhei.html
経済部,,経済・労働分野を長く担当してきました。社会部、AERA編集部にも在籍し、メディア、教育も取材しました。,土屋亮,http://twitter.com/MakotoTSUCHIYA4,https://www.asahi.com/sns/reporter/tsuchiya_makoto.html
経済部,,朝日新聞経済部記者。ロサンゼルス支局やGLOBE編集部なども経て映画・動画産業の取材を続け、朝日新聞デジタルで「シネマニア経済リポート」を連載（https://www.asahi.com/rensai/list.html?id=490&）、読者と考えるシネマニア・サロン（https://www.meetup.com/ja-JP/cinemania_report/）（https://www.facebook.com/cinemaniasalon）を主宰。朝デジのコラム「アナザーノート」筆者。国内外のデジタル変革（DX）なども取材しつつ新聞記者自身のDXにも取り組み、記者サロンや朝日新聞ポッドキャストにも随時登場。著書に『なぜメリル・ストリープはトランプに嚙みつき、オリバー・ストーンは期待するのか～ハリウッドからアメリカが見える』（幻冬舎新書）。,藤えりか,http://twitter.com/erika_asahi,https://www.asahi.com/sns/reporter/toh_erika.html
編集委員,,岐阜や名古屋、岩手、広島に勤務してきました。現在は医療担当の編集委員をしています。新型コロナやがん、認知症，人生の最終段階をどう過ごすかなどについて取材しています。,辻外記子,http://twitter.com/tsuji_toki,https://www.asahi.com/sns/reporter/tsuji_tokiko.html
デジタル機動報道部・withnews編集部,,福島、大分、福岡で事件、司法、地方行政・スポーツの取材。2015年からデジタル部門へ移り、朝日新聞デジタルやwithnewsに携わる。現在はwithnewsでネットの話題を追いかけるほか、父親の子育てと仕事の葛藤を描く「父親のモヤモヤ」やデジタルを武器に変わろうとする地域の今を描く「地デジ最前線」の企画を担当。,丹治翔,http://twitter.com/shou_tanji,https://www.asahi.com/sns/reporter/tanji_sho.html
オーディエンスエディター,,オーディエンスエディター。２０１８年３月まで中南米特派員、サンパウロ支局長。著書に『熱狂と幻滅　コロンビア和平の深層』（朝日新聞出版）。青森総局、横浜総局、東京社会部、国際報道部などを経て、２１年４月から現職。,田村剛,http://twitter.com/tamuratys1,https://www.asahi.com/sns/reporter/tamura_tsuyoshi.html
編集委員,,朝日新聞記者。2013年4月から編集委員です。医療分野を主に担当しています。,田村建二,http://twitter.com/tamurak4,https://www.asahi.com/sns/reporter/tamura_kenji.html
社会部,,東京本社社会部の調査報道班所属。公正取引委員会・独占禁止法も担当しています。埼玉、新潟、名古屋でも勤務してきました。愛知出身。,田中恭太,http://twitter.com/kyota_tanaka,https://www.asahi.com/sns/reporter/tanaka_kyota.html
奈良総局,,古墳や遺跡などの文化財の取材をしています。関西の歴史スポットを巡る「ぶらっと関西　歴史散歩」を担当中。繊維の業界紙から転職。朝日新聞では秋田、奈良、東京で働いてきました。東京では文化くらし報道部で、生活報道とファッションを担当。大阪出身。,田中祐也,http://twitter.com/ytks011213,https://www.asahi.com/sns/reporter/tanaka_yuya.html
東京科学医療部,,　情報技術（ＩＴ）担当。ここ数年「GLOBE」ウェブ（http://globe.asahi.com ）や英語サイト（http://ajw.asahi.com ）開設も。\n　つぶやきは個人の見解、RTやリンクも賛意とは限りません。Staff writer for The Asahi Shimbun.,田中郁也,http://twitter.com/ikuya_tnk,https://www.asahi.com/sns/reporter/tanaka_ikuya.html
文化くらし報道部,,文化くらし報道部で放送局などを担当しています。,田島知樹,http://twitter.com/Tomoking_1990,https://www.asahi.com/sns/reporter/tajima_tomoki.html
東京経済部,,朝日新聞社経済部記者。流通・小売り、外食、食品などを主に担当しています。勤務地は徳島→神戸→大阪→東京→大阪→福岡→東京。登山を始めました。,田幸香純,,https://www.asahi.com/sns/reporter/tako_kazumi.html
東京映像報道部,,東京映像報道部,竹花徹朗,http://twitter.com/MrTT11,https://www.asahi.com/sns/reporter/takehana_tetsuro.html
横浜総局,,デジタル編集部と写真部のデスクを経て、再び東京社会部に。町田支局を拠点に取材しています。最近の関心は、都市政策、東京・大都市圏、都心と郊外、ローカルとグローバル、安全保障政策など。データジャーナリズムを試行錯誤中。,武井宏之,http://twitter.com/97hiro1024,https://www.asahi.com/sns/reporter/takei_hiroyuki.html
文化くらし報道部,,社会保障や労働問題のほか、やけどや窒息といった「子どもの事故」の予防について、主に取材しています。,滝沢卓,http://twitter.com/Takizawa_Suguru,https://www.asahi.com/sns/reporter/takizawa_suguru.html
GLOBE編集部,,朝日新聞GLOBE記者。青森、奈良の各総局、社会部武蔵野支局などをへて現職。エジプトに留学経験があり、言語学やアーカイブズ、宗教、子育てなどに興味があります。グローブの記事や関心のある話題をお届けします。,高橋友佳理,http://twitter.com/yukaritakahash9,https://www.asahi.com/sns/reporter/takahashi_yukari.html
東京科学医療部,,朝日新聞編集委員。ＷＥＢＲＯＮＺＡに随時寄稿中。,高橋真理子,http://twitter.com/marikotkhs,https://www.asahi.com/sns/reporter/takahashi_mariko.html
デジタル機動報道部,,社会福祉士、精神保健福祉士。介護、障がいなど、社会保障関係全般が関心分野です。子育てでは「#父親のモヤモヤ」企画を担当しています。ツイッターの投稿は私の考え。ＲＴ・リンクは必ずしも賛意を示しておりません。,高橋健次郎,http://twitter.com/takahashi__k,https://www.asahi.com/sns/reporter/takahashi_kenjiro.html
編集委員,,朝日新聞編集委員 大阪本社在勤 主に、流通・小売業、関西の経済・産業を担当。医療経済、産学連携、都市、デザインにも関心。神戸市出身の虎党。,多賀谷克彦,http://twitter.com/tagaya_k,https://www.asahi.com/sns/reporter/tagaya_katsuhiko.html
文化くらし報道部,,朝日新聞記者。YouTube「囲碁将棋TV」の運営です。文芸、ファッション、論壇、テレビなどを取材。伊坂幸太郎さん「ガソリン生活」や、金原ひとみさん「クラウドガール」などの編集も担当してきました。麻雀、囲碁、将棋が好き。アイコンは、ヨシタケシンスケさんによる似顔絵です。雑誌「小説トリッパー」エンターテイメント季評担当。,高津祐典,http://twitter.com/yusuketakatsu,https://www.asahi.com/sns/reporter/takatsu_yusuke.html
文化くらし報道部,,朝日新聞文化くらし報道部記者。グローバル市場と国家の相克を追った企画「カオスの深淵」や「ビリオメディア」などを担当。「消費社会と文化の関係」に関心があります。現在の担当は論壇。美しいバレリーナとモデルをみてると幸せを感じます。,高久潤,http://twitter.com/juntakaku,https://www.asahi.com/sns/reporter/takaku_jun.html
論説委員,,朝日新聞の編集委員です。ハンセン病のことはこつこつと。犯罪被害者・加害者も。そして戦争の語り継ぎ。人を勇気づける記事、「いい話」をたくさん書いてゆきたいです。生まれは博多、現在のホームは大阪です。,高木智子,http://twitter.com/takaki_tomoko,https://www.asahi.com/sns/reporter/takaki_tomoko.html
オリンピック パラリンピック・スポーツ事業部,,２０２１年１２月からスポーツ事業部でサッカー、バスケ、ダンス、障がい者スポーツなどを担当しています。前任の大阪スポーツ部での記者時代は、アマチュア野球、サッカー（セレッソ大阪を２シーズン担当）、バスケなどを取材しました。夏の全国高校野球選手権の地方大会担当回数は３回。今治西（２００７年）、愛工大名電（２０１２年）、中京大中京（２０１５年）の夏を追いかけました。中学～大学はバスケ部。小学生男子の母。,高岡佐也子,http://twitter.com/takaoka_sayako,https://www.asahi.com/sns/reporter/takaoka_sayako.html
横浜総局,,朝日新聞記者／明治学院大学国際平和研究所研究員／津田塾大学非常勤講師。２００７～１０年、カイロ特派員として、米軍の対テロ・対イラク戦争やイラク難民、イスラエル軍によるガザ侵攻を取材。国際報道部デスク（アメリカ担当）を経て、２０１３年の米ハーバード大学研究員（フルブライト・ジャーナリスト）当時、ボストンマラソン爆弾テロ事件に遭遇し、現場取材にあたる。１５～２０年、核と人類取材センター記者として、ＮＰＴ再検討会議やオバマ大統領広島訪問、アメリカの核被害者、核兵器禁止条約を取材。単著『核に縛られる日本』（角川新書）、共著『ヒロシマに来た大統領』（筑摩書房）、『漂流するトモダチ　アメリカの被ばく裁判』（朝日新聞出版）、訳書『核のボタン』（同）などがある。,田井中雅人,http://twitter.com/tainaka_m,https://www.asahi.com/sns/reporter/tainaka_masato.html
アメリカ総局,,朝日新聞ワシントン特派員。１９７６年、宮崎県生まれ。２０００年、朝日新聞入社。福井、長野総局、西部報道センターを経て、２００７年、政治部。首相官邸、自民党、防衛省などを担当。２０１８年から現職。元ハーバード大学日米関係プログラム客員研究員。著書に『独裁と孤立　トランプのアメリカ・ファースト』(筑摩書房)。共著に『安倍政権の裏の顔　「攻防　集団的自衛権」ドキュメント」(講談社)など。,園田耕司,http://twitter.com/sonoda_koji,https://www.asahi.com/sns/reporter/sonoda_koji.html
映像報道部,,朝日新聞映像報道部。フォトグラファーときどきビデオグラファー。投稿は私見です。,関田航,http://twitter.com/watarusekita,https://www.asahi.com/sns/reporter/sekita_wataru.html
大阪科学医療部,,朝日新聞編集委員。東京、大阪の科学医療部で科学、防災、医学を取材してきました。雑誌の記者、編集者も経験しました。いまは関西の現場を歩いています。,瀬川茂子,http://twitter.com/segawashigeko,https://www.asahi.com/sns/reporter/segawa_shigeko.html
東京映像報道部,,報道カメラマン。朝日新聞写真部に所属。事件・事故から人物・自然まで、幅広く取材撮影しています。最近は動画取材（撮影と編集）に挑戦中です。1971年生まれ。,関口聡,http://twitter.com/skgchstr,https://www.asahi.com/sns/reporter/sekiguchi_satoru.html
国際報道部,,国際報道部,鈴木友里子,http://twitter.com/yuriko_s_s,https://www.asahi.com/sns/reporter/suzuki_yuriko.html
テヘラン支局,,テヘラン支局長。The Asahi Shimbun Tehran Bureau Chief。国際報道部、政治部、東京社会部、グローブ編集部などに在籍。国際政治、特に欧州連合（EU）などに関心。海外特派員は初めての経験。,杉崎慎弥,http://twitter.com/sugizakishinya,https://www.asahi.com/sns/reporter/sugizaki_shinya.html
東京地域報道部,,朝日新聞地域報道部記者。人口減少や産業衰退、医療過疎に直面しながらも、未来をひらこうと奮闘する地方の現場を取材しています。広島総局在任中の２０１７～１９年４月には、中国地方を舞台にした企画「地方から未来へ」（全４５回）を連載しました。防災士。山口県周南市出身。,清水康志,http://twitter.com/kohji_shimizu,https://www.asahi.com/sns/reporter/shimizu_kohji.html
人材戦略本部（デジタル実務研修）,,社会部、経済部で企業や行政の不正を取材することが多かったです。現在に、世に追いつくべくデジタル関係について勉強する身。,杉浦幹治,http://twitter.com/sugiuramikiharu,https://www.asahi.com/sns/reporter/sugiura_mikiharu.html
大阪社会部,,富山出身の理系（農業土木、環境科学）。岡山や神戸、社会部、高松、阪神、広告局、和歌山などで記者・営業、デスクを経験し、現在は地域報道部兼社会部。事件・事故、調査報道に長く携わったほか、地方では四国遍路や熊野古道歩き、釣りなど文化・自然に触れてきました。,島俊彰,http://twitter.com/shimatoshiaki18,https://www.asahi.com/sns/reporter/shima_toshiaki.html
東京社会部,,朝日新聞社会部記者。皇室を担当しています。宮城県石巻市出身で、震災で実家が被災しました。石巻発の震災情報を広めたいと思っています。,島康彦,http://twitter.com/shimaykkkt,https://www.asahi.com/sns/reporter/shima_yasuhiko.html
スポーツ部,,スポーツ記者@朝日新聞   2003年に入社した報知新聞では主にサッカーを担当、16年春に朝日新聞に転じ、金沢総局では県警、高校野球、魚、日本酒を担当。19年春から東京スポーツ部でボクシングやJOC、テコンドー、柔道などを取材しています。,塩谷耕吾,http://twitter.com/kogo_shioya,https://www.asahi.com/sns/reporter/shioya_kogo.html
デジタル機動報道部,,デジタル機動報道部の記者です。データを分析して新たな事実を見つけ出したり、それをビジュアルで表現したりするデータジャーナリズムに取り組んでいます。IT企業やスタートアップ、オープンデータに関心があります。週末は近所をのんびり走っています。ヤクルトファン。,篠健一郎,http://twitter.com/shinoken9,https://www.asahi.com/sns/reporter/shino_kenichiro.html
文化くらし報道部,,朝日新聞東京本社の文化くらし報道部で、映画やメディアを中心に取材しています。,佐藤美鈴,http://twitter.com/misuzusato,https://www.asahi.com/sns/reporter/sato_misuzu.html
コンテンツ編成本部動画チーム,,主にニュース動画を担当しています。時々見出し。,佐藤岳史,http://twitter.com/STGAKU3,https://www.asahi.com/sns/reporter/sato_takefumi.html
編集委員,,朝日新聞社勤務。労働担当の編集委員。経済部労働チームの同僚と雇用・労働問題を取材しています。,澤路毅彦,http://twitter.com/sawaji1965,https://www.asahi.com/sns/reporter/sawaji_takehiko.html
論説委員,,朝日新聞記者。ロンドン、パリ、北京、ワシントンなどでの勤務を経て、現在は論説委員。日本を相対化する試みはまだまだ続きます,沢村亙,http://twitter.com/wsawa,https://www.asahi.com/sns/reporter/sawamura_wataru.html
東京本社文化くらし報道部,,文化くらし報道部デスク。福島、埼玉、大阪社会部、神戸などで主に災害・防災や事件・事故を取材してきました。文化くらし報道部では料理や消費者問題も担当していました。,佐藤卓史,http://twitter.com/tasatotakashi,https://www.asahi.com/sns/reporter/sato_takashi.html
編集委員,,安全保障担当編集委員。政治部では内閣官房や防衛省、外務省などを担当。官邸キャップや与党キャップ、政治部次長を経て、アメリカ総局員としてホワイトハウス、国防総省（ペンタゴン）を担当しながら、２０１６年の米大統領選を取材。米ジョージタウン大学客員研究員、米国防大学客員研究員も務めた。,佐藤武嗣,http://twitter.com/Taketsugu_Sato,https://www.asahi.com/sns/reporter/sato_taketsugu.html
水戸総局,,水戸総局員。茨城県の話題と、気になった記事についてツイートします,佐藤仁彦,http://twitter.com/jin_kimihiko,https://www.asahi.com/sns/reporter/sato_kimihiko.html
西部報道センター,,北九州市出身。「無法松」の小倉祇園太鼓に始まり、筑豊の飯塚山笠を経て、博多祇園山笠にはまっています。祭りに象徴される伝統文化に関心があります。,貞松慎二郎,http://twitter.com/sada950000,https://www.asahi.com/sns/reporter/sadamatsu_shinjiro.html
編集委員,,編集委員。おもに災害、環境、原発などの分野を取材しています。,佐々木英輔,http://twitter.com/sasaki_eisuke,https://www.asahi.com/sns/reporter/sasaki_eisuke.html
文化くらし報道部,,文化くらし報道部記者。毎週日曜日の朝日歌壇を担当しています。歌人の方々へのインタビューなど短歌にまつわる話を軸に取材しているほか、Aging Gracefully企画にも参加。子どもの本に関する記事をまとめた単著は『生きてごらん、大丈夫    子どもと本と、出会いをつむぐ』（かもがわ出版）。,佐々波幸子,http://twitter.com/sazanamiyukiko,https://www.asahi.com/sns/reporter/sazanami_yukiko.html
東京経済部,,経済産業省を担当。原発政策や東電改革を含む国の資源エネルギー政策を取材。,笹井継夫,http://twitter.com/sasai_tsuneo,https://www.asahi.com/sns/reporter/sasai_tsuneo.html
政治部,,現在は編集局政治部長。政治部における取材が長く、国際報道部、経済部などを経てきました。報道・メディアの今後とそのありようも関心領域です。ツイートは個人の見解であり、リツイートやフォローは必ずしも賛意を示すものではありません。,坂尻顕吾,http://twitter.com/k_sakajiri,https://www.asahi.com/sns/reporter/sakajiri_kengo.html
国際報道部,,国際報道部の内勤記者です。普段は特派員のサポートをしたり、東京でできる取材をしたりしています。,坂本進,http://twitter.com/sakamoto_susumu,https://www.asahi.com/sns/reporter/sakamoto_susumu.html
スポーツ部,,跳べませんが、滑ることができるスポーツ記者です。フィギュアスケートなどの冬季競技を中心にサッカーなども取材しています。競技に打ち込む選手の熱い思いを届けたいです。,坂上武司,http://twitter.com/sakagamitak,https://www.asahi.com/sns/reporter/sakagami_takeshi.html
社会部,,朝日新聞社会部の記者。東京オリンピック・パラリンピック担当。入社後は津、つくば、町田、東京、名古屋／宮崎県出身／連絡先はsaito-y14@asahiどっとcom／ 事件・事故・災害などの時にお声がけすることがございます。いつもご協力ありがとうございます,斉藤佑介,http://twitter.com/ysaito_asahi,https://www.asahi.com/sns/reporter/saito_yusuke.html
オピニオン編集部,,孤立する子どもや若者に、出会いや経験をスポーツを通じて提供する取り組みなど、社会を変えるために利用するスポーツ、社会課題解決型スポーツが大きなテーマ。スポーツと社会貢献、フィギュアスケートなど冬季五輪種目、パラリンピックスポーツ、サッカーなど担当。大分県別府市出身。水泳、野球、アメリカンフットボールのプレー経験があります。,後藤太輔,http://twitter.com/gototaisuke,https://www.asahi.com/sns/reporter/goto_taisuke.html
文化くらし報道部,,朝日新聞のファッション担当記者です。美輪明宏さんの人生相談「悩みのるつぼ」も。99年報知新聞入社。吉本興業や宝塚歌劇を担当し、読売TV「週刊えみぃSHOW」「なるトモ！」にレギュラー出演。06年に朝日に移り大阪府警、原爆と平和、NHK籾井会長問題、文化庁、ワイン連載「葡萄の酒をたどって」などを担当してきました。,後藤洋平,http://twitter.com/Yohei_Goto,https://www.asahi.com/sns/reporter/goto_yohei.html
論説委員,,朝日新聞論説委員。2005～08年、13～17年にモスクワ特派員。90年入社。和歌山支局、長野支局、政治部、国際報道部などで勤務。日本では主に外交政策などを取材してきました。 著書「安倍vs.プーチン　日ロ交渉はなぜ行き詰まったのか」（筑摩選書）。共著に「プーチンの実像」（朝日文庫）、「検証 日露首脳交渉」（岩波書店） ,駒木明義,http://twitter.com/akomaki,https://www.asahi.com/sns/reporter/komaki_akiyoshi.html
文化くらし報道部,,文化くらし報道部で映画や放送を担当。2007年に入社し、食品偽装や暴力団抗争など事件を長く取材してきました。北海道→富山→愛知→東京と渡り歩き、16年より現在の部へ。アルドリッチやイーストウッド、ヘルマンらのアメリカ映画がとりわけ好み。新本格ミステリのほか、中上健次や金井美恵子も読みます。,小峰健二,http://twitter.com/kenji_komine,https://www.asahi.com/sns/reporter/komine_kenji.html
be編集部,,　朝日新聞ｂｅ編集部記者。東日本大震災で被災したのをきっかけに節電道を志し、電力会社の電気に極力依存しない５アンペア生活をスタート。現在は、太陽光発電所「健康第一電力」の所長でもあります。６月請求分の電気料金は１２８円。,斎藤健一郎,http://twitter.com/kenichiro_saito,https://www.asahi.com/sns/reporter/saito_kenichiro.html
文化くらし報道部,,朝日新聞文化くらし報道部（生活グループ）記者。消費生活・食生活分野を主に取材しています。料理ページ「ごはんラボ」担当。消費生活相談員・消費生活アドバイザー。２００４年入社、広島や京都でも勤務しました。,小林未来,http://twitter.com/kobayashi_m_k,https://www.asahi.com/sns/reporter/kobayashi_miki.html
論説委員,,朝日新聞シドニー支局長です。4カ所目の海外勤務。,郷富佐子,http://twitter.com/Asahisydney55,https://www.asahi.com/sns/reporter/go_fusako.html
東京社会部,,２０１９年５月から社会部デスク。根っこは科学記者です。中国と米国で特派員をしていました。新聞を科学記事で埋め尽くすのが夢ですが、まだまだ道半ばです。共著に『チャイナスタンダード 世界を席巻する中国式』（朝日新聞出版）『生かされなかった教訓　巨大地震が原発を襲った』（同）,小林哲,http://twitter.com/kbts_sci,https://www.asahi.com/sns/reporter/kobayashi_tetsu.html
東京社会部,,東京社会部,小林直子,http://twitter.com/Naoko_K18,https://www.asahi.com/sns/reporter/kobayashi_naoko.html
立川支局,,東京・立川支局記者です。２０２１年４月に水戸から移ってきました。投稿内容は個人の意見で、朝日新聞社の見解ではありません。ＲＴやリンクは賛意とはかぎりません。,小林恵士,http://twitter.com/covaK_84,https://www.asahi.com/sns/reporter/kobayashi_satoshi.html
名古屋報道センター,,朝日新聞名古屋報道センターで文化担当。名古屋のエンタメ、テレビ、ラジオ、舞台、音楽、お笑い、落語など文化、吹奏楽合唱、「SKE48 for you」、ひととき担当。大学ではペルシア語を専攻。愛知県清須市出身。これまでは京都→熊本→福岡→デジタル編集部。,小原智恵,http://twitter.com/chiekohara1004,https://www.asahi.com/sns/reporter/kohara_chie.html
東京科学医療部,,朝日新聞科学医療部記者。小さな頃から生きもの好きで、今も生物多様性に関する話題に関心があります。つぶやきはあくまで個人の見解で、RTは必ずしも賛意ではありません。,小坪遊,http://twitter.com/SciKotz,https://www.asahi.com/sns/reporter/kotsubo_yu.html
GLOBE編集部,,1973年、群馬県生まれ。鹿児島、熊本、久留米、北九州で勤務後、ニューデリー支局時代には、ネパールの王制廃止やスリランカ内戦も取材。帰国後、経済部で自動車業界や原発事故後の東京電力などを追いました。シドニー支局では豪州、ニュージーランド、太平洋の島国を担当し、特に移民社会や多文化社会、先住民に関するテーマに関心。現在、GLOBE副編集長。世界と日本で社会の多様なあり方を考えていきたいと思います。週末はランニング。フルマラソンで３時間半を切ることが最近の目標,小暮哲夫,http://twitter.com/TetsuoKogure,https://www.asahi.com/sns/reporter/kogure_tetsuo.html
東京スポーツ部,,朝日新聞スポーツ部で、サッカーを中心にスポーツを取材しています。Ｊ１では柏レイソルを中心に取材しています。紙面に載せきれない話などを紹介できればと思っています。投稿内容は個人の考えです。,河野正樹,http://twitter.com/masakiK0N0,https://www.asahi.com/sns/reporter/kono_masaki.html
政治部,,朝日新聞政治部記者。官邸と総務省を担当。前任は福島総局で、社会保障、消費者問題が主要テーマ。,小泉浩樹,http://twitter.com/koizumihi,https://www.asahi.com/sns/reporter/koizumi_hiroki.html
編集委員,,朝日新聞編集委員。大衆文化・芸能担当。著書に「東京下町」「東京スケッチブック」「おーい、寅さん」など。最新刊は「寅さんの伝言」（講談社）。北海道から沖縄まで各地の路地裏を徘徊。昭和歌謡や旅芝居、大衆酒場、銭湯をこよなく愛しております。,小泉信一,http://twitter.com/koikoisin,https://www.asahi.com/sns/reporter/koizumi_shinichi.html
経済部,,２０１２年入社。静岡総局、山口総局を経て２０１６年から経済部。,栗林史子,http://twitter.com/fkuribayashi,https://www.asahi.com/sns/reporter/kuribayashi_fumiko.html
GLOBE編集部,,GLOBE編集長,国末憲人,http://twitter.com/KunisueNorito,https://www.asahi.com/sns/reporter/kunisue_norito.html
論説委員,,社会部、科学部、オピニオン編集部、編集委員（災害担当）、科学医療部長、編集局長補佐などを経て、2021年から現職。著書に『コンビニ断ち　脱スマホ』『「地震予知」の幻想』、編著に「災害大国・迫る危機　日本列島ハザードマップ」。,黒沢大陸,http://twitter.com/k_tairiku,https://www.asahi.com/sns/reporter/kurosawa_tairiku.html
デジタル機動報道部,,朝日新聞デジタル機動報道部記者、同withnews副編集長。取材テーマはネットと医療、アスリート、アメコミ映画など。群馬大学医学部医学科卒、編プロ・ノオトで修行。近著『医療記者の40kgダイエット』『健康を食い物にするメディアたち』発売中。雑誌『Mac Fan』で「医療とApple」連載中。,朽木誠一郎,http://twitter.com/amanojerk,https://www.asahi.com/sns/reporter/kuchiki_seiichiro.html
エルサレム支局,,エルサレム支局長。主にイスラエルやパレスチナで取材しています。広島総局、さいたま総局、国際報道部、政治部を経て2021年4月より現職。,清宮涼,http://twitter.com/kiyomiya_ryo,https://www.asahi.com/sns/reporter/kiyomiya_ryo.html
コンテンツ編成本部,,　政治部と経済部を行き来し、政策と政局を追う「ハイブリッド」記者。,鯨岡仁,http://twitter.com/KujiraokaH,https://www.asahi.com/sns/reporter/kujiraoka_hitoshi.html
文化くらし報道部,,朝日新聞編集委員。介護保険や認知症、貧困・生活困窮問題の取材をしてきました。介護福祉士、ファイナンシャルプランナー（ＡＦＰ）。第１回貧困ジャーナリズム大賞を受賞（２００７年）。投稿は私の考えで、朝日新聞の見解ではありません。ＲＴ・リンクは必ずしも賛意を示すものではありません。,清川卓史,http://twitter.com/ta_kiyokawa,https://www.asahi.com/sns/reporter/kiyokawa_takashi.html
東京スポーツ部,,ゴルフやバレーボール、Ｊリーグ・名古屋、中日を担当。「子どもとスポーツ」やスポーツビジネスも追っています。日経ＢＰ社で経営誌記者を務めた後、２００２年に入社。鹿児島→山口→東京→福岡→大阪→東京→国際報道部（英国留学）→特別報道部→名古屋→東京と転々。,木村健一,http://twitter.com/kimuken8,https://www.asahi.com/sns/reporter/kimura_kenichi.html
政治部,,政治部で取材をしています。2005年に入社し、大津、広島の地方勤務を経て、政治部所属となりました。これまで、特別報道部、国際報道部、経済部でも勤務経験があります。,鬼原民幸,http://twitter.com/tamiyukikihara,https://www.asahi.com/sns/reporter/kihara_tamiyuki.html
コンテンツ編成本部,,2017年入社。高松、金沢で計４年間勤務し、現在は東京で編集者をしています。地方自治や選挙など政治全般、ナショナリズム、ジェンダー、アカデミズム、地域活性化に関心があります。大学・大学院では統計的手法を用いる政治学を専攻。趣味は剣道と読書。新しい時代のメディアのあり方を模索しています。,木佐貫将司,http://twitter.com/kmsns0661,https://www.asahi.com/sns/reporter/kisanuki_masashi.html
音声ディレクター,,朝日新聞ポッドキャストつくってます。1975年に生まれ、1994年にネットを始め、2000年に入社しました。専門分野は何もないんですが、「イスラム国」（IS）、暴力団、ハッカーなど、わりとエッジの立った人たちを多く取材対象としてきました。,神田大介,http://twitter.com/kanda_daisuke,https://www.asahi.com/sns/reporter/kanda_daisuke.html
瀋陽支局,,朝日新聞記者、瀋陽特派員。元上海特派員。著書に『ルポ 隠された中国――習近平「一強体制」の足元』（平凡社新書）。,金順姫,http://twitter.com/kim_soonhi,https://www.asahi.com/sns/reporter/kim_soohi.html
文化くらし報道部,,2016年入社。新潟総局、京都総局を経て、20年より東京・文化くらし報道部で放送、エンタメ（主にアイドル）、出版などを担当。,川村貴大,http://twitter.com/takahiro_kawamu,https://www.asahi.com/sns/reporter/kawamura_takahiro.html
経済部,,大阪本社経済部に所属しています。関西圏の企業、ビジネス活動を中心に取材中。（2021年4月時点）,加茂謙吾,http://twitter.com/kamo__k,https://www.asahi.com/sns/reporter/kamo_kengo.html
国際報道部,,国際報道部で、海外関連のニュースを東京から取材しています。2009年に入社し、大分→長野→編集センター→ 国際報道部→東京社会部（都庁担当）と歩んできました。6年間住んでいたアメリカの政治や社会、文化に関心があります。サッカー、スノーボードが好きだけど最近は運動不足が悩み。ラーメン二郎は2009年に全店制覇。坂道Gも好きです。ツイートは私見です。,軽部理人,http://twitter.com/rihito_karube,https://www.asahi.com/sns/reporter/karube_rihito.html
編集委員,,北朝鮮拉致問題やハンセン病、水俣病、皇室などを取材。新潟、宮崎・延岡、北九州、熊本に赴任、東京社会部デスクを経験。単著に「朝日新聞の慰安婦報道と裁判」。共著に「日韓記者・市民セミナー ブックレット 4　引き継がれる安倍政治の負の遺産」「私たちは学術会議の任命拒否問題に抗議する」「祈りの旅　天皇皇后、被災地への想い」「フェイクと憎悪　歪むメディアと民主主義」「現代世界の陛下たち　デモクラシーと王室・皇室」「徹底検証　日本の右傾化」など。,北野隆一,http://twitter.com/R_KitanoR,https://www.asahi.com/sns/reporter/kitano_ryuichi.html
政治部,,朝日新聞記者　０７年に入社。佐賀、宮崎、大阪、広島勤務を経て１７年９月から東京。経済取材を主としてきました。２１年９月からは政治部,神沢和敬,http://twitter.com/kamizawa,https://www.asahi.com/sns/reporter/kamizawa_kazutaka.html
東京科学医療部,,科学医療部記者。担当は科学技術全般。先端技術や基礎科学と、社会・政治の関係に関心があります。ツイッターでの投稿内容は私個人の意見です。朝日新聞社の見解ではありません。ＲＴやリンクは賛意とは限りません。,嘉幡久敬,http://twitter.com/kabata_h,https://www.asahi.com/sns/reporter/kabata_hisatoshi.html
メディアデザインセンター,,社会部記者を経て、eスポーツメディア「GAMEクロス」の編集長を務めています。GAMEクロスではゲームやeスポーツに関する話題や最新ニュースを発信中です。社会部時代は司法分野、教育などを担当。学生時代から登山を続けており、2019年にはプロスキーヤー三浦雄一郎さんが86歳で挑戦した南米最高峰遠征に同行取材しました。,金子元希,http://twitter.com/motokikaneko,https://www.asahi.com/sns/reporter/kaneko_motoki.html
東京スポーツ部,,2005年からスポーツを中心に取材。プロ野球や五輪（体操、レスリングなど）を担当してきました。子どもを取り巻くスポーツや社会の問題についても発信していきます。インスタグラム「朝日新聞スポーツ」、YouTube「Kiss and Cry Plus-朝日新聞社フィギュアスケートチャンネル」の運営にも携わっています。1982年生まれ、宮城県出身。趣味は整理整頓、掃除。,金島淑華,http://twitter.com/kimsukhwa819,https://www.asahi.com/sns/reporter/kaneshima_shizuka.html
スポーツ部,,東京スポーツ部（2021年4月～）。東京五輪はスケートボード担当。陸上競技はハードル専門。愛媛出身、前任地は高知。,加藤秀彬,http://twitter.com/kato_hide6,https://www.asahi.com/sns/reporter/kato_hideaki.html
国際報道部,,朝日新聞国際報道部次長（米州・国連担当）←イスタンブール支局長（トルコ・シリア担当）←NY支局員（国連担当）,春日芳晃,http://twitter.com/yoshiakikasuga,https://www.asahi.com/sns/reporter/kasuga_yoshiaki.html
東京映像報道部,,"映像報道部のカメラマン。現在はデスク。Photographer, The Asahi Shimbun. 主に五輪やスポーツ取材についてつぶやきます。五輪取材は04年アテネから。平昌五輪も現地入りします。韓国の新聞社・東亜日報への出向や北京留学も経験しました。コーヒーの記事も書いてます。",樫山晃生,http://twitter.com/teruokashiyama,https://www.asahi.com/sns/reporter/kashiyama_teruo.html
地域ディレクター,,コンテンツ編成本部。地域のニュースを記者と一緒に発掘する「地域ディレクター」という仕事をしています。福島出身。名古屋→福井→デジタル編集部。取材は「すみっコぐらし」などのキャラクター関連が中心です。,影山遼,http://twitter.com/kageyamoomin,https://www.asahi.com/sns/reporter/kageyama_ryo.html
オピニオン編集部,,社会部、アエラ編集部、論説委員室を経て今はオピニオン編集長をしています。福島、千葉、山形、福岡、埼玉の各県にも勤務していました。,各務滋,http://twitter.com/kgmsgr,https://www.asahi.com/sns/reporter/kagami_shigeru.html
生活文化部,,１９６７年、東京生まれ。９１年、朝日新聞社入社。現在は大阪・生活文化部所属。アニメやマンガを担当。※ツイッターでもつぶやいています。単行本「１面トップはロボットアニメ　小原篤のアニマゲ丼」（日本評論社）発売中。ツイッターでの投稿内容は私個人の意見です。朝日新聞社の見解ではありません。ＲＴやリンクは賛意とは限りません。,小原篤,http://twitter.com/botacou,https://www.asahi.com/sns/reporter/ohara_atsushi.html
withnews編集長,,佐賀、山口、福岡での勤務を経てデジタル部門へ。朝日新聞デジタル立ち上げに関わり、東日本大震災のデジタルコンテンツ、ビッグデータを活用した取材に携わる。2014年、スマホ世代向けウェブメディアwithnewsをスタートし編集長に。2020年5月、830万UU、1億5300万PVに。専門はウェブメディア、データジャーナリズム、SNS、デジタル広告、プラットフォーム、フェイクニュース。共著に『フェイクニュースに震撼する民主主義』（大学教育出版）。withnewsで「マスニッチの時代」連載中。朝日新聞朝刊オピニオン面「メディア空間考」連載中。朝日新聞デジタルコメントプラスコメンテーター。,奥山晶二郎,http://twitter.com/o98mas,https://www.asahi.com/sns/reporter/okuyama_shojiro.html
広州／香港支局,,朝日新聞記者。経済部のあと、香港、上海、北京、ワシントンで特派員。その後、東京本社で中国、米国担当デスクを経たのち、２０２０年から広州・香港支局長。米中関係、中国の国内問題などを取材。,奥寺淳,http://twitter.com/tolucky222,https://www.asahi.com/sns/reporter/okudera_atsushi.html
編集委員,,　朝日新聞記者。『法と経済のジャーナル Asahi Judiciary』の編集も担当。著書に『内部告発の力』、『ルポ 東京電力 原発危機１カ月』、『秘密解除 ロッキード事件』。ご連絡は okuyamatoshihiro@gmail.comに。,奥山俊宏,http://twitter.com/okuyamatoshi,https://www.asahi.com/sns/reporter/okuyama_toshihiro.html
コンテンツ編成本部,,朝日新聞東京本社・コンテンツ編成本部。福岡出身。横浜・京都でも勤務していました。,興津洋樹,http://twitter.com/okitsuhiroki,https://www.asahi.com/sns/reporter/okitsu_hiroki.html
東京科学医療部,,科学医療部記者。担当は宇宙、天文、時々アピタル。大阪生まれ大阪育ち。2013年入社→京都→福井→大阪本社で編集者→東京科学医療部。,小川詩織,http://twitter.com/o_shiori13,https://www.asahi.com/sns/reporter/ogawa_shiori.html
コンテンツ編成本部,,2014年入社。広島、三重をへてコンテンツ編成本部。日本に住む外国人などをテーマに取材している。日本育ちだが母の故郷・上海がルーツ。尖閣諸島問題が過熱した2011、12年、上海にある復旦大学新聞学部に留学した。,小川尭洋,http://twitter.com/ogawat0802,https://www.asahi.com/sns/reporter/ogawa_takahiro.html
東京本社編集局,,朝日新聞編集局長補佐。医療福祉の取材経験が長く、地域ケアや人生最終章の生き方を追ってきました。ジェンダー、病気や障害による孤立・生きづらさのない社会づくりを目指す「多様性と社会」が関心テーマ。論説委員、人事部採用担当も経験しました。リツイートは賛否を示しません。意見は個人のもので、社を代表するものではありません。,岡本峰子,http://twitter.com/mine56ramp300,https://www.asahi.com/sns/reporter/okamoto_mineko.html
サンフランシスコ支局長,,"San Francisco bureau chief, The Asahi Shimbun 朝日新聞でサンフランシスコ支局長をしています。グーグル、アップル、フェイスブック、アマゾンのGAFAに加え、マイクロソフトやネットフリックス、テスラなども含め、米国でBig Tech（ビッグ・テック）と呼ばれる米巨大IT企業全体を取材しています。ハリウッドを含めた米西海岸全体も取材対象です。以前は日本の財務省の取材キャップをしていたほか、ワシントン特派員として米ホワイトハウス・米財務省・FRBも回っていました。（投稿は個人の考えで、朝日新聞社の見解ではありません。ＲＴやリンクは必ずしも同意を意味しません)",尾形聡彦,http://twitter.com/ToshihikoOgata,https://www.asahi.com/sns/reporter/ogata_toshihiko.html
国際報道部,,2013年入社。神戸総局と大阪社会部で警察、国税局などの取材を担当し、20年から国際報道部。,大部俊哉,http://twitter.com/toshiya_obu,https://www.asahi.com/sns/reporter/obu_toshiya.html
映像報道部,,朝日新聞映像報道部 @asahi_photo 写真記者を20年→写真部デスク→デジタル編集部デスク→映像報道部長。投稿内容は社の見解ではなく、リンクやRTは必ずしも賛意を示すものではありません。,大野明,http://twitter.com/akira_photog,https://www.asahi.com/sns/reporter/ono_akira.html
編集委員,,朝日新聞で編集委員をしています。担当は美術や建築が中心です。１９９０年以来、東京、大阪、福岡でずっと文化関係の取材や編集に関わってきました。,大西若人,http://twitter.com/onishi_waka,https://www.asahi.com/sns/reporter/onishi_wakato.html
編集委員,,編集委員,大月規義,http://twitter.com/ohtsuki_n,https://www.asahi.com/sns/reporter/ohtsuki_noriyoshi.html
文化くらし報道部,,同業他社を経て2001年、朝日新聞社入社。経済部記者として流通業界などの取材を担当した後、AERA編集部在籍中の08年に犬の殺処分問題の取材を始めた。ペット情報発信サイト「sippo」の立ち上げに携わり、特別報道部専門記者などを経て21年から文化くらし報道部記者。著書に『犬を殺すのは誰か　ペット流通の闇』『「奴隷」になった犬、そして猫』（いずれも朝日新聞出版）などがある。,太田匡彦,http://twitter.com/qEaLO0nvwWqCKMx,https://www.asahi.com/sns/reporter/ohta_masahiko.html
神戸総局,,長く在籍したスポーツ部から２０２１年４月、神戸総局に移りました。遊軍記者として高校野球を中心にスポーツの取材を続けながら、興味の赴くまま様々なジャンルの取材にチャレンジしています。卓球は現役プレーヤー（の、つもり）。食べすぎ、飲みすぎの罪滅ぼしにジョギングと筋トレしてます。,岡田健,http://twitter.com/Take_OKD,https://www.asahi.com/sns/reporter/okada_takeshi.html
東京・科学医療部,,科学医療部記者。宇宙（はやぶさ２とか）や天文、物理、数学などを担当する科学好き。好きな数字は137。趣味はＦ１、猫。好きな国はマルタ。,石倉徹也,http://twitter.com/i_tetsuya137,https://www.asahi.com/sns/reporter/ishikura_tetsuya.html
GLOBE編集部,,１９９０年から朝日新聞記者をやっています。自称「社内で一番好き放題をやっている記者」です。現在は主に第一日曜日発行の朝日新聞別刷り「ＧＬＯＢＥ」で記事を書いています。文春新書から「いま知らないと絶対損する年金５０問５０答」を上梓。,太田啓之,http://twitter.com/ootahiroyuki,https://www.asahi.com/sns/reporter/ota_hiroyuki.html
編集委員,,朝日新聞編集委員（環境・エネルギー問題担当）。,石井徹,http://twitter.com/ishiit4,https://www.asahi.com/sns/reporter/ishii_toru.html
大阪本社編集局長補佐,,朝日新聞大阪本社編集局長補佐。前ヨーロッパ総局長。特派員歴はワシントン、カイロ（各２回）とロンドン。時折、クラシック音楽関係の記事も書きます。投稿内容は私個人の意見です。会社の見解ではなく、ＲＴやリンクは賛意とは限りません。,石合力,http://twitter.com/TsutomuISHIAI,https://www.asahi.com/sns/reporter/ishiai_tsutomu.html
コンテンツ編成本部,,ローマ支局長（2011～15）としてユーロ危機やフランシスコ教皇就任、クリミア紛争などを取材。サンパウロ支局長（05～08）として日本人のブラジル移民100周年、南米各国の左傾化などを取材。,石田博士,http://twitter.com/ishida1970asahi,https://www.asahi.com/sns/reporter/ishida_hiroshi.html
東京映像報道部,,映像報道部で写真記者（カメラマン）をしています。２０１７年４月から、テレビ朝日に研修派遣。１８年４月から映像報道部に復帰。,諫山卓弥,http://twitter.com/asahi_isayama,https://www.asahi.com/sns/reporter/isayama_takuya.html
東京社会部,,社会部で東京五輪・パラリンピックを担当しています。以前はスポーツ部にもいました。ジェンダーをはじめ、スポーツを通して浮かび上がる社会問題に関心があります。,伊木緑,http://twitter.com/midomidomisos0,https://www.asahi.com/sns/reporter/iki_midori.html
GLOBE編集部,,Washington D.C. correspondent for Asahi Shimbun. 朝日新聞ワシントン特派員。英字誌、通信社をへて入社。経済部、社会部、GLOBE編集部など。関心事は、経済、IT、メディア、自然。趣味のサーフィンはしばらくお預け。,五十嵐大介,http://twitter.com/dai_igarashi,https://www.asahi.com/sns/reporter/igarashi_daisuke.html
テヘラン支局,,1984年生まれ。2020年4月から現職、同10月に赴任。米国とイランの関係、核問題に関心。07年に入社し、奈良と高松、大阪社会部で事件の取材を担当。17～18年、ロンドンに留学して国際政治を学びつつ、パブで豊富なビールに魅了される。6～22歳はレスリング、今はたまにジョギング。,飯島健太,http://twitter.com/penta_jan,https://www.asahi.com/sns/reporter/iijima_kenta.html
文化くらし報道部,,東京本社文化くらし報道部（生活グループ）記者。介護、高齢者の住まい、障害者福祉、生活保護など社会保障関連が主な取材テーマです。２００６年に入社し、千葉、青森、埼玉などで取材してきました。,有近隆史,http://twitter.com/ArichikaTakashi,https://www.asahi.com/sns/reporter/arichika_takashi.html
4years.編集部,,朝日新聞社入社、東京編集センターやスポーツ部などを経て4years.編集部。スポーツ部ではフィギュアスケート、カーリング、アイスホッケー、ゴルフ、競泳、体操などを取材。大学スポーツ専門の「4years.」ではフィギュアスケートを中心に執筆。朝日新聞のフィギュアスケートYouTubeチャンネル「Kiss and Cry Plus」も運営。大学スポーツに携わった誰にでもドラマがあると思います。その大事な時間を記録・記憶するお手伝いができれば嬉しいです。他の関心分野はスポーツビジネス、経営学、AI、キャリアデザイン、美術、建築、地形。,浅野有美,http://twitter.com/ASANO_t1,https://www.asahi.com/sns/reporter/asano_naomi.html
編集委員,,高校野球を見に全国を飛び回っています。その土地の人と接し、おいしいものを食べるのが大好き。柔道やプロ野球、ソフトボールも長く取材しています。,安藤嘉浩,http://twitter.com/ando29yoshi,https://www.asahi.com/sns/reporter/ando_yoshihiro.html
