企查查搜索关键字,公司在企查查编号,公司在企查查地址,公司名称,公司标签,法定代表人,法定代表人拥有企业数量,公司地址,公司电话,公司邮箱-单个,公司邮箱-多个,公司网址,公司邮箱,公司简介,企业类型,经营状态,成立日期,注册资本,实缴资本,工商注册号,统一社会信用代码,营业期限,参保人数,曾用名,注册地址,经营范围,纳税人识别号,纳税人资质,行业,登记机关,英文名称,组织机构代码,核准日期,人员规模,评分
克里门森互动（北京）顾问有限公司,2944469688,https://www.tianyancha.com/login?from=https%3A%2F%2Fwww.tianyancha.com%2Fcompany%2F2944469688,克里门森互动（北京）顾问有限公司,,,,,,,,,,,,,,,,,,,,,,,,,,,,,,,
北京益星远东贸易有限公司,36288031,https://www.tianyancha.com/login?from=https%3A%2F%2Fwww.tianyancha.com%2Fcompany%2F36288031,北京益星远东贸易有限公司,,,,,,,,,,,,,,,,,,,,,,,,,,,,,,,
太阳神（北京）旅游咨询有限公司,92215987,https://www.tianyancha.com/login?from=https%3A%2F%2Fwww.tianyancha.com%2Fcompany%2F92215987,太阳神（北京）旅游咨询有限公司,,,,,,,,,,,,,,,,,,,,,,,,,,,,,,,
马恒达（北京）信息技术服务有限公司,22993003,https://www.tianyancha.com/login?from=https%3A%2F%2Fwww.tianyancha.com%2Fcompany%2F22993003,马恒达（北京）信息技术服务有限公司,,,,,,,,,,,,,,,,,,,,,,,,,,,,,,,
泰戈尔（北京）餐饮文化有限公司,2315095069,https://www.tianyancha.com/login?from=https%3A%2F%2Fwww.tianyancha.com%2Fcompany%2F2315095069,泰戈尔（北京）餐饮文化有限公司,,,,,,,,,,,,,,,,,,,,,,,,,,,,,,,
北京创新畅想餐饮管理服务有限公司,88487394,https://www.tianyancha.com/login?from=https%3A%2F%2Fwww.tianyancha.com%2Fcompany%2F88487394,北京创新畅想餐饮管理服务有限公司,,,,,,,,,,,,,,,,,,,,,,,,,,,,,,,
佛山杰可贸易有限公司,2951708613,https://www.tianyancha.com/login?from=https%3A%2F%2Fwww.tianyancha.com%2Fcompany%2F2951708613,佛山杰可贸易有限公司,,,,,,,,,,,,,,,,,,,,,,,,,,,,,,,
佛山市顺德区品胜进出口贸易有限公司,2342532775,https://www.tianyancha.com/login?from=https%3A%2F%2Fwww.tianyancha.com%2Fcompany%2F2342532775,佛山市顺德区品胜进出口贸易有限公司,,,,,,,,,,,,,,,,,,,,,,,,,,,,,,,
佛山市顺德区利华高贸易有限公司,533902126,https://www.tianyancha.com/login?from=https%3A%2F%2Fwww.tianyancha.com%2Fcompany%2F533902126,佛山市顺德区利华高贸易有限公司,,,,,,,,,,,,,,,,,,,,,,,,,,,,,,,
北京金迅融技术有限公司,10750744,https://www.tianyancha.com/login?from=https%3A%2F%2Fwww.tianyancha.com%2Fcompany%2F10750744,北京金迅融技术有限公司,,,,,,,,,,,,,,,,,,,,,,,,,,,,,,,
佛山市顺德区思日贸易有限公司,1252437030,https://www.tianyancha.com/login?from=https%3A%2F%2Fwww.tianyancha.com%2Fcompany%2F1252437030,佛山市顺德区思日贸易有限公司,,,,,,,,,,,,,,,,,,,,,,,,,,,,,,,
格兰玛特机床设备（北京）有限公司,2963776237,https://www.tianyancha.com/login?from=https%3A%2F%2Fwww.tianyancha.com%2Fcompany%2F2963776237,格兰玛特机床设备（北京）有限公司,,,,,,,,,,,,,,,,,,,,,,,,,,,,,,,
北京然迪克思科技有限公司,2358167230,https://www.tianyancha.com/login?from=https%3A%2F%2Fwww.tianyancha.com%2Fcompany%2F2358167230,北京然迪克思科技有限公司,,,,,,,,,,,,,,,,,,,,,,,,,,,,,,,
北京恒河国际餐饮管理有限公司,17420242,https://www.tianyancha.com/login?from=https%3A%2F%2Fwww.tianyancha.com%2Fcompany%2F17420242,北京恒河国际餐饮管理有限公司,,,,,,,,,,,,,,,,,,,,,,,,,,,,,,,
佛山市顺德区斯科玻璃机械有限公司,2321289164,https://www.tianyancha.com/login?from=https%3A%2F%2Fwww.tianyancha.com%2Fcompany%2F2321289164,佛山市顺德区斯科玻璃机械有限公司,,,,,,,,,,,,,,,,,,,,,,,,,,,,,,,
佛山市顶冠进出口有限公司,531023594,https://www.tianyancha.com/login?from=https%3A%2F%2Fwww.tianyancha.com%2Fcompany%2F531023594,佛山市顶冠进出口有限公司,,,,,,,,,,,,,,,,,,,,,,,,,,,,,,,
佛山市腾辉进出口贸易有限公司,887167444,https://www.tianyancha.com/login?from=https%3A%2F%2Fwww.tianyancha.com%2Fcompany%2F887167444,佛山市腾辉进出口贸易有限公司,,,,,,,,,,,,,,,,,,,,,,,,,,,,,,,
佛山市顺德区维施贸易有限公司,2325954694,https://www.tianyancha.com/login?from=https%3A%2F%2Fwww.tianyancha.com%2Fcompany%2F2325954694,佛山市顺德区维施贸易有限公司,,,,,,,,,,,,,,,,,,,,,,,,,,,,,,,
佛山市顺德区维思迪进出口有限公司,1260603506,https://www.tianyancha.com/login?from=https%3A%2F%2Fwww.tianyancha.com%2Fcompany%2F1260603506,佛山市顺德区维思迪进出口有限公司,,,,,,,,,,,,,,,,,,,,,,,,,,,,,,,
佛山市星光太平洋贸易有限公司,2341734304,https://www.tianyancha.com/login?from=https%3A%2F%2Fwww.tianyancha.com%2Fcompany%2F2341734304,佛山市星光太平洋贸易有限公司,,,,,,,,,,,,,,,,,,,,,,,,,,,,,,,
佛山迪维贸易有限公司,1292535882,https://www.tianyancha.com/login?from=https%3A%2F%2Fwww.tianyancha.com%2Fcompany%2F1292535882,佛山迪维贸易有限公司,,,,,,,,,,,,,,,,,,,,,,,,,,,,,,,
佛山市新荷花饮食有限公司,2342374886,https://www.tianyancha.com/login?from=https%3A%2F%2Fwww.tianyancha.com%2Fcompany%2F2342374886,佛山市新荷花饮食有限公司,,,,,,,,,,,,,,,,,,,,,,,,,,,,,,,
佛山众联保修服务有限公司,2348178800,https://www.tianyancha.com/login?from=https%3A%2F%2Fwww.tianyancha.com%2Fcompany%2F2348178800,佛山众联保修服务有限公司,,,,,,,,,,,,,,,,,,,,,,,,,,,,,,,
佛山市顺德区维莱进出口有限公司,654871578,https://www.tianyancha.com/login?from=https%3A%2F%2Fwww.tianyancha.com%2Fcompany%2F654871578,佛山市顺德区维莱进出口有限公司,,,,,,,,,,,,,,,,,,,,,,,,,,,,,,,
佛山市顺德区马斯阿思进出口有限公司,255919570,https://www.tianyancha.com/login?from=https%3A%2F%2Fwww.tianyancha.com%2Fcompany%2F255919570,佛山市顺德区马斯阿思进出口有限公司,,,,,,,,,,,,,,,,,,,,,,,,,,,,,,,
佛山市顺德区力尔凡进出口有限公司,2325894735,https://www.tianyancha.com/login?from=https%3A%2F%2Fwww.tianyancha.com%2Fcompany%2F2325894735,佛山市顺德区力尔凡进出口有限公司,,,,,,,,,,,,,,,,,,,,,,,,,,,,,,,
佛山市东珠商贸有限公司,2353030478,https://www.tianyancha.com/login?from=https%3A%2F%2Fwww.tianyancha.com%2Fcompany%2F2353030478,佛山市东珠商贸有限公司,,,,,,,,,,,,,,,,,,,,,,,,,,,,,,,
佛山市顺德区酷品进出口有限公司,886859262,https://www.tianyancha.com/login?from=https%3A%2F%2Fwww.tianyancha.com%2Fcompany%2F886859262,佛山市顺德区酷品进出口有限公司,,,,,,,,,,,,,,,,,,,,,,,,,,,,,,,
佛山市顺德区亿蕴进出口贸易有限公司,1400359629,https://www.tianyancha.com/login?from=https%3A%2F%2Fwww.tianyancha.com%2Fcompany%2F1400359629,佛山市顺德区亿蕴进出口贸易有限公司,,,,,,,,,,,,,,,,,,,,,,,,,,,,,,,
博彦科技股份有限公司,14754155,https://www.tianyancha.com/login?from=https%3A%2F%2Fwww.tianyancha.com%2Fcompany%2F14754155,博彦科技股份有限公司,,,,,,,,,,,,,,,,,,,,,,,,,,,,,,,
佛山市顺德区万卓贸易有限公司,1676016248,https://www.tianyancha.com/login?from=https%3A%2F%2Fwww.tianyancha.com%2Fcompany%2F1676016248,佛山市顺德区万卓贸易有限公司,,,,,,,,,,,,,,,,,,,,,,,,,,,,,,,
佛山市顺德区朗裕达进出口有限公司,1323820817,https://www.tianyancha.com/login?from=https%3A%2F%2Fwww.tianyancha.com%2Fcompany%2F1323820817,佛山市顺德区朗裕达进出口有限公司,,,,,,,,,,,,,,,,,,,,,,,,,,,,,,,
佛山市格洛博家具有限公司,1258527093,https://www.tianyancha.com/login?from=https%3A%2F%2Fwww.tianyancha.com%2Fcompany%2F1258527093,佛山市格洛博家具有限公司,,,,,,,,,,,,,,,,,,,,,,,,,,,,,,,
佛山市顺德区信任贸易有限公司,887079336,https://www.tianyancha.com/login?from=https%3A%2F%2Fwww.tianyancha.com%2Fcompany%2F887079336,佛山市顺德区信任贸易有限公司,,,,,,,,,,,,,,,,,,,,,,,,,,,,,,,
佛山市顺德区双凯贸易有限公司,2313947691,https://www.tianyancha.com/login?from=https%3A%2F%2Fwww.tianyancha.com%2Fcompany%2F2313947691,佛山市顺德区双凯贸易有限公司,,,,,,,,,,,,,,,,,,,,,,,,,,,,,,,
佛山市顺德区丹尼餐饮有限公司,2342054393,https://www.tianyancha.com/login?from=https%3A%2F%2Fwww.tianyancha.com%2Fcompany%2F2342054393,佛山市顺德区丹尼餐饮有限公司,,,,,,,,,,,,,,,,,,,,,,,,,,,,,,,
佛山市迈索尔瑜珈有限公司,2311546872,https://www.tianyancha.com/login?from=https%3A%2F%2Fwww.tianyancha.com%2Fcompany%2F2311546872,佛山市迈索尔瑜珈有限公司,,,,,,,,,,,,,,,,,,,,,,,,,,,,,,,
佛山市顺德区岩石行贸易有限公司,2348010629,https://www.tianyancha.com/login?from=https%3A%2F%2Fwww.tianyancha.com%2Fcompany%2F2348010629,佛山市顺德区岩石行贸易有限公司,,,,,,,,,,,,,,,,,,,,,,,,,,,,,,,
佛山市顺德区吉思进出口贸易有限公司,2342528308,https://www.tianyancha.com/login?from=https%3A%2F%2Fwww.tianyancha.com%2Fcompany%2F2342528308,佛山市顺德区吉思进出口贸易有限公司,,,,,,,,,,,,,,,,,,,,,,,,,,,,,,,
佛山市古迪利贸易有限公司,2342239090,https://www.tianyancha.com/login?from=https%3A%2F%2Fwww.tianyancha.com%2Fcompany%2F2342239090,佛山市古迪利贸易有限公司,,,,,,,,,,,,,,,,,,,,,,,,,,,,,,,
佛山市顺德区神圣进出口有限公司,1250838190,https://www.tianyancha.com/login?from=https%3A%2F%2Fwww.tianyancha.com%2Fcompany%2F1250838190,佛山市顺德区新恒建房地产有限公司,,,,,,,,,,,,,,,,,,,,,,,,,,,,,,,
深圳市阿天提科技有限公司,2326270408,https://www.tianyancha.com/login?from=https%3A%2F%2Fwww.tianyancha.com%2Fcompany%2F2326270408,深圳市阿天提科技有限公司,,,,,,,,,,,,,,,,,,,,,,,,,,,,,,,
广州萨蒂鸥莱贸易有限公司,2358653261,https://www.tianyancha.com/login?from=https%3A%2F%2Fwww.tianyancha.com%2Fcompany%2F2358653261,广州萨蒂鸥莱贸易有限公司,,,,,,,,,,,,,,,,,,,,,,,,,,,,,,,
灵格斯进出口（深圳）有限公司,1646054019,https://www.tianyancha.com/login?from=https%3A%2F%2Fwww.tianyancha.com%2Fcompany%2F1646054019,灵格斯进出口（深圳）有限公司,,,,,,,,,,,,,,,,,,,,,,,,,,,,,,,
安吉泰麦克斯电子（深圳）有限公司,2323987232,https://www.tianyancha.com/login?from=https%3A%2F%2Fwww.tianyancha.com%2Fcompany%2F2323987232,安吉泰麦克斯电子（深圳）有限公司,,,,,,,,,,,,,,,,,,,,,,,,,,,,,,,
广东森博科瑞莱空气制冷有限公司,2349717742,https://www.tianyancha.com/login?from=https%3A%2F%2Fwww.tianyancha.com%2Fcompany%2F2349717742,广东森博科瑞莱空气制冷有限公司,,,,,,,,,,,,,,,,,,,,,,,,,,,,,,,
广州乌沙电气有限公司,2326959778,https://www.tianyancha.com/login?from=https%3A%2F%2Fwww.tianyancha.com%2Fcompany%2F2326959778,广州乌沙电气有限公司,,,,,,,,,,,,,,,,,,,,,,,,,,,,,,,
中山市君尚贸易有限公司,2330379635,https://www.tianyancha.com/login?from=https%3A%2F%2Fwww.tianyancha.com%2Fcompany%2F2330379635,中山市君尚贸易有限公司,,,,,,,,,,,,,,,,,,,,,,,,,,,,,,,
洪威尓森（广州）贸易有限公司,3014120616,https://www.tianyancha.com/login?from=https%3A%2F%2Fwww.tianyancha.com%2Fcompany%2F3014120616,洪威尓森（广州）贸易有限公司,,,,,,,,,,,,,,,,,,,,,,,,,,,,,,,
伊歌华国际贸易（深圳）有限公司,2351655275,https://www.tianyancha.com/login?from=https%3A%2F%2Fwww.tianyancha.com%2Fcompany%2F2351655275,伊歌华国际贸易（深圳）有限公司,,,,,,,,,,,,,,,,,,,,,,,,,,,,,,,
广州市阿呼贾鑫贸易有限公司,1208109356,https://www.tianyancha.com/login?from=https%3A%2F%2Fwww.tianyancha.com%2Fcompany%2F1208109356,广州市阿呼贾鑫贸易有限公司,,,,,,,,,,,,,,,,,,,,,,,,,,,,,,,
广州市睿蔻贸易有限公司,2382182970,https://www.tianyancha.com/login?from=https%3A%2F%2Fwww.tianyancha.com%2Fcompany%2F2382182970,广州市睿蔻贸易有限公司,,,,,,,,,,,,,,,,,,,,,,,,,,,,,,,
广州市豪味餐饮有限公司,2316328063,https://www.tianyancha.com/login?from=https%3A%2F%2Fwww.tianyancha.com%2Fcompany%2F2316328063,广州市豪味餐饮有限公司,,,,,,,,,,,,,,,,,,,,,,,,,,,,,,,
广州市世桥贸易有限公司,2328481617,https://www.tianyancha.com/login?from=https%3A%2F%2Fwww.tianyancha.com%2Fcompany%2F2328481617,广州市世桥贸易有限公司,,,,,,,,,,,,,,,,,,,,,,,,,,,,,,,
广州市钟泰南餐饮服务有限公司,2962705005,https://www.tianyancha.com/login?from=https%3A%2F%2Fwww.tianyancha.com%2Fcompany%2F2962705005,广州市钟泰南餐饮服务有限公司,,,,,,,,,,,,,,,,,,,,,,,,,,,,,,,
广州延晨贸易有限公司,2334479154,https://www.tianyancha.com/login?from=https%3A%2F%2Fwww.tianyancha.com%2Fcompany%2F2334479154,广州延晨贸易有限公司,,,,,,,,,,,,,,,,,,,,,,,,,,,,,,,
广州格洛利商务咨询有限公司,2962682957,https://www.tianyancha.com/login?from=https%3A%2F%2Fwww.tianyancha.com%2Fcompany%2F2962682957,广州格洛利商务咨询有限公司,,,,,,,,,,,,,,,,,,,,,,,,,,,,,,,
丝守（广州）进出口贸易有限公司,3014505170,https://www.tianyancha.com/login?from=https%3A%2F%2Fwww.tianyancha.com%2Fcompany%2F3014505170,丝守（广州）进出口贸易有限公司,,,,,,,,,,,,,,,,,,,,,,,,,,,,,,,
广州凝力餐饮有限公司,2358663880,https://www.tianyancha.com/login?from=https%3A%2F%2Fwww.tianyancha.com%2Fcompany%2F2358663880,广州凝力餐饮有限公司,,,,,,,,,,,,,,,,,,,,,,,,,,,,,,,
广州娅偲金贸易有限公司,2794588355,https://www.tianyancha.com/login?from=https%3A%2F%2Fwww.tianyancha.com%2Fcompany%2F2794588355,广州娅偲金贸易有限公司,,,,,,,,,,,,,,,,,,,,,,,,,,,,,,,
广州洛飞国际贸易有限公司,2350590856,https://www.tianyancha.com/login?from=https%3A%2F%2Fwww.tianyancha.com%2Fcompany%2F2350590856,广州洛飞国际贸易有限公司,,,,,,,,,,,,,,,,,,,,,,,,,,,,,,,
广州埃玖斯餐饮有限公司,3181602204,https://www.tianyancha.com/login?from=https%3A%2F%2Fwww.tianyancha.com%2Fcompany%2F3181602204,广州埃玖斯餐饮有限公司,,,,,,,,,,,,,,,,,,,,,,,,,,,,,,,
广州市菲士迪贸易商行（普通合伙）,2807945048,https://www.tianyancha.com/login?from=https%3A%2F%2Fwww.tianyancha.com%2Fcompany%2F2807945048,广州市菲士迪贸易商行（普通合伙）,,,,,,,,,,,,,,,,,,,,,,,,,,,,,,,
广州纳森达曼贸易合伙企业（普通合伙）,2663309983,https://www.tianyancha.com/login?from=https%3A%2F%2Fwww.tianyancha.com%2Fcompany%2F2663309983,广州纳森达曼贸易合伙企业（普通合伙）,,,,,,,,,,,,,,,,,,,,,,,,,,,,,,,
广州司弩穆图贸易有限公司,2326668617,https://www.tianyancha.com/login?from=https%3A%2F%2Fwww.tianyancha.com%2Fcompany%2F2326668617,广州司弩穆图贸易有限公司,,,,,,,,,,,,,,,,,,,,,,,,,,,,,,,
广州市蔚斯橙贸易有限公司,2328123637,https://www.tianyancha.com/login?from=https%3A%2F%2Fwww.tianyancha.com%2Fcompany%2F2328123637,广州市蔚斯橙贸易有限公司,,,,,,,,,,,,,,,,,,,,,,,,,,,,,,,
广州市络柯施娜贸易有限公司,2844172589,https://www.tianyancha.com/login?from=https%3A%2F%2Fwww.tianyancha.com%2Fcompany%2F2844172589,广州市络柯施娜贸易有限公司,,,,,,,,,,,,,,,,,,,,,,,,,,,,,,,
广州市印斯味餐饮有限公司,2330323664,https://www.tianyancha.com/login?from=https%3A%2F%2Fwww.tianyancha.com%2Fcompany%2F2330323664,广州市印斯味餐饮有限公司,,,,,,,,,,,,,,,,,,,,,,,,,,,,,,,
广州里仕本酒店用品有限公司,2808043374,https://www.tianyancha.com/login?from=https%3A%2F%2Fwww.tianyancha.com%2Fcompany%2F2808043374,广州里仕本酒店用品有限公司,,,,,,,,,,,,,,,,,,,,,,,,,,,,,,,
哈尔沙精密轴承配件（中国）有限公司,2349693731,https://www.tianyancha.com/login?from=https%3A%2F%2Fwww.tianyancha.com%2Fcompany%2F2349693731,哈尔沙精密轴承配件（中国）有限公司,,,,,,,,,,,,,,,,,,,,,,,,,,,,,,,
广州优碧商务服务有限公司,2563671801,https://www.tianyancha.com/login?from=https%3A%2F%2Fwww.tianyancha.com%2Fcompany%2F2563671801,广州优碧商务服务有限公司,,,,,,,,,,,,,,,,,,,,,,,,,,,,,,,
广州贝柯捷商务咨询有限公司,2943881160,https://www.tianyancha.com/login?from=https%3A%2F%2Fwww.tianyancha.com%2Fcompany%2F2943881160,广州贝柯捷商务咨询有限公司,,,,,,,,,,,,,,,,,,,,,,,,,,,,,,,
广州市欧骊偲贸易有限公司,2961164994,https://www.tianyancha.com/login?from=https%3A%2F%2Fwww.tianyancha.com%2Fcompany%2F2961164994,广州市欧骊偲贸易有限公司,,,,,,,,,,,,,,,,,,,,,,,,,,,,,,,
广州市艾提歌商务服务有限公司,2827139770,https://www.tianyancha.com/login?from=https%3A%2F%2Fwww.tianyancha.com%2Fcompany%2F2827139770,广州市艾提歌商务服务有限公司,,,,,,,,,,,,,,,,,,,,,,,,,,,,,,,
海门市华洋五金标准件有限公司,2352231113,https://www.tianyancha.com/login?from=https%3A%2F%2Fwww.tianyancha.com%2Fcompany%2F2352231113,海门市华洋五金标准件有限公司,,,,,,,,,,,,,,,,,,,,,,,,,,,,,,,
连云港珀尔贸易有限公司,2349813450,https://www.tianyancha.com/login?from=https%3A%2F%2Fwww.tianyancha.com%2Fcompany%2F2349813450,连云港珀尔贸易有限公司,,,,,,,,,,,,,,,,,,,,,,,,,,,,,,,
广州市臻铢海贸易有限公司,833714649,https://www.tianyancha.com/login?from=https%3A%2F%2Fwww.tianyancha.com%2Fcompany%2F833714649,广州市臻铢海贸易有限公司,,,,,,,,,,,,,,,,,,,,,,,,,,,,,,,
苏州荣灏纺织有限公司,2349367001,https://www.tianyancha.com/login?from=https%3A%2F%2Fwww.tianyancha.com%2Fcompany%2F2349367001,苏州荣灏纺织有限公司,,,,,,,,,,,,,,,,,,,,,,,,,,,,,,,
普瑞美（江苏）纺织电子仪器有限公司,855942872,https://www.tianyancha.com/login?from=https%3A%2F%2Fwww.tianyancha.com%2Fcompany%2F855942872,普瑞美（江苏）纺织电子仪器有限公司,,,,,,,,,,,,,,,,,,,,,,,,,,,,,,,
泰富益农用机械设备（常熟）有限公司,2350543910,https://www.tianyancha.com/login?from=https%3A%2F%2Fwww.tianyancha.com%2Fcompany%2F2350543910,泰富益农用机械设备（常熟）有限公司,,,,,,,,,,,,,,,,,,,,,,,,,,,,,,,
朗维纺织机械（苏州）有限公司,2317266469,https://www.tianyancha.com/login?from=https%3A%2F%2Fwww.tianyancha.com%2Fcompany%2F2317266469,朗维纺织机械（苏州）有限公司,,,,,,,,,,,,,,,,,,,,,,,,,,,,,,,
苏州希阿埃水泵有限公司,2352875226,https://www.tianyancha.com/login?from=https%3A%2F%2Fwww.tianyancha.com%2Fcompany%2F2352875226,苏州希阿埃水泵有限公司,,,,,,,,,,,,,,,,,,,,,,,,,,,,,,,
徐州傲瑞压缩机有限公司,2348886309,https://www.tianyancha.com/login?from=https%3A%2F%2Fwww.tianyancha.com%2Fcompany%2F2348886309,徐州傲瑞压缩机有限公司,,,,,,,,,,,,,,,,,,,,,,,,,,,,,,,
昆山艾迩莱特仪器仪表有限公司,2349196225,https://www.tianyancha.com/login?from=https%3A%2F%2Fwww.tianyancha.com%2Fcompany%2F2349196225,昆山艾迩莱特仪器仪表有限公司,,,,,,,,,,,,,,,,,,,,,,,,,,,,,,,
南京亚贸国际贸易有限公司,2351956172,https://www.tianyancha.com/login?from=https%3A%2F%2Fwww.tianyancha.com%2Fcompany%2F2351956172,南京亚贸国际贸易有限公司,,,,,,,,,,,,,,,,,,,,,,,,,,,,,,,
艾克塞斯机械工程设计（无锡）有限公司,2350808214,https://www.tianyancha.com/login?from=https%3A%2F%2Fwww.tianyancha.com%2Fcompany%2F2350808214,艾克塞斯机械工程设计（无锡）有限公司,,,,,,,,,,,,,,,,,,,,,,,,,,,,,,,
连云港东海达禄比木制品有限公司,679667118,https://www.tianyancha.com/login?from=https%3A%2F%2Fwww.tianyancha.com%2Fcompany%2F679667118,连云港东海达禄比木制品有限公司,,,,,,,,,,,,,,,,,,,,,,,,,,,,,,,
张家港简单人生贸易有限公司,2460286425,https://www.tianyancha.com/login?from=https%3A%2F%2Fwww.tianyancha.com%2Fcompany%2F2460286425,张家港简单人生贸易有限公司,,,,,,,,,,,,,,,,,,,,,,,,,,,,,,,
南通圣天印花有限公司,2320405048,https://www.tianyancha.com/login?from=https%3A%2F%2Fwww.tianyancha.com%2Fcompany%2F2320405048,南通圣天印花有限公司,,,,,,,,,,,,,,,,,,,,,,,,,,,,,,,
苏州法道斯机械工程服务有限公司,2351282288,https://www.tianyancha.com/login?from=https%3A%2F%2Fwww.tianyancha.com%2Fcompany%2F2351282288,苏州法道斯机械工程服务有限公司,,,,,,,,,,,,,,,,,,,,,,,,,,,,,,,
南通新三槐机械有限公司,2351862582,https://www.tianyancha.com/login?from=https%3A%2F%2Fwww.tianyancha.com%2Fcompany%2F2351862582,南通新三槐机械有限公司,,,,,,,,,,,,,,,,,,,,,,,,,,,,,,,
常熟阜鑫紧固件制造有限公司,2343542299,https://www.tianyancha.com/login?from=https%3A%2F%2Fwww.tianyancha.com%2Fcompany%2F2343542299,常熟阜鑫紧固件制造有限公司,,,,,,,,,,,,,,,,,,,,,,,,,,,,,,,
徐州恒祥嘉贸易有限公司,2341518497,https://www.tianyancha.com/login?from=https%3A%2F%2Fwww.tianyancha.com%2Fcompany%2F2341518497,徐州恒祥嘉贸易有限公司,,,,,,,,,,,,,,,,,,,,,,,,,,,,,,,
常州阿维卡贸易有限公司,694669630,https://www.tianyancha.com/login?from=https%3A%2F%2Fwww.tianyancha.com%2Fcompany%2F694669630,常州阿维卡贸易有限公司,,,,,,,,,,,,,,,,,,,,,,,,,,,,,,,
常州恩贸纺织品有限公司,2350163153,https://www.tianyancha.com/login?from=https%3A%2F%2Fwww.tianyancha.com%2Fcompany%2F2350163153,常州恩贸纺织品有限公司,,,,,,,,,,,,,,,,,,,,,,,,,,,,,,,
南通佳卓贸易有限公司,2358915751,https://www.tianyancha.com/login?from=https%3A%2F%2Fwww.tianyancha.com%2Fcompany%2F2358915751,南通佳卓贸易有限公司,,,,,,,,,,,,,,,,,,,,,,,,,,,,,,,
南通慕恩贸易有限公司,2352318419,https://www.tianyancha.com/login?from=https%3A%2F%2Fwww.tianyancha.com%2Fcompany%2F2352318419,南通慕恩贸易有限公司,,,,,,,,,,,,,,,,,,,,,,,,,,,,,,,
南京三太阳信息咨询有限公司,2445266287,https://www.tianyancha.com/login?from=https%3A%2F%2Fwww.tianyancha.com%2Fcompany%2F2445266287,南京三太阳信息咨询有限公司,,,,,,,,,,,,,,,,,,,,,,,,,,,,,,,
张家港保税区建安贸易有限公司,2357729575,https://www.tianyancha.com/login?from=https%3A%2F%2Fwww.tianyancha.com%2Fcompany%2F2357729575,张家港保税区建安贸易有限公司,,,,,,,,,,,,,,,,,,,,,,,,,,,,,,,
青岛万雅毛毯制造有限公司,2327738061,https://www.tianyancha.com/company/2327738061,青岛万雅毛毯制造有限公司,在业 曾用名 小微企业 ,Datwani Kanaiyalal Jamnadas,1,青岛平度市同和街道办事处驻地崔侯路21号  ,0532-8533****,82692610@163.com,,,, 青岛万雅毛毯制造有限公司成立于2004年09月13日，主要经营范围为生产加工毛毯、家纺、箱包、外包装材料等。  ,有限责任公司(外商合资),在业,2004-09-13,306.36万美元,-,370283400004431,913702837636383281,2004-09-13             至 2054-09-13,0,,青岛平度市同和街道办事处驻地崔侯路21号,生产加工毛毯、家纺、箱包、外包装材料。产品100%外销。（以上范围需经许可经营的，须凭许可证经营）。,913702837636383281,增值税一般纳税人,文教、工美、体育和娱乐用品制造业,平度市市场监督管理局,,763638328,7112-16-45,-,77
宁波奥铂特塑胶制品有限公司,64813453,https://www.tianyancha.com/login?from=https%3A%2F%2Fwww.tianyancha.com%2Fcompany%2F64813453,宁波奥铂特塑胶制品有限公司,,,,,,,,,,,,,,,,,,,,,,,,,,,,,,,
苏州阿利坎特自动化科技有限公司,2958621824,https://www.tianyancha.com/login?from=https%3A%2F%2Fwww.tianyancha.com%2Fcompany%2F2958621824,苏州阿利坎特自动化科技有限公司,,,,,,,,,,,,,,,,,,,,,,,,,,,,,,,
苏州苏鑫商务咨询有限公司,2419881235,https://www.tianyancha.com/login?from=https%3A%2F%2Fwww.tianyancha.com%2Fcompany%2F2419881235,苏州苏鑫商务咨询有限公司,,,,,,,,,,,,,,,,,,,,,,,,,,,,,,,
宁波捷孟迪国际贸易有限公司,2358448265,https://www.tianyancha.com/login?from=https%3A%2F%2Fwww.tianyancha.com%2Fcompany%2F2358448265,宁波捷孟迪国际贸易有限公司,,,,,,,,,,,,,,,,,,,,,,,,,,,,,,,
宁波恒晟国际贸易有限公司,492421373,https://www.tianyancha.com/login?from=https%3A%2F%2Fwww.tianyancha.com%2Fcompany%2F492421373,宁波恒晟国际贸易有限公司,,,,,,,,,,,,,,,,,,,,,,,,,,,,,,,
宁波柯瑞思柯林贸易有限公司,2354130278,https://www.tianyancha.com/login?from=https%3A%2F%2Fwww.tianyancha.com%2Fcompany%2F2354130278,宁波柯瑞思柯林贸易有限公司,,,,,,,,,,,,,,,,,,,,,,,,,,,,,,,
宁波市普莱德服装制造有限公司,50493654,https://www.tianyancha.com/login?from=https%3A%2F%2Fwww.tianyancha.com%2Fcompany%2F50493654,宁波市普莱德服装制造有限公司,,,,,,,,,,,,,,,,,,,,,,,,,,,,,,,
宁波金旭电子有限公司,1338396547,https://www.tianyancha.com/login?from=https%3A%2F%2Fwww.tianyancha.com%2Fcompany%2F1338396547,宁波金旭电子有限公司,,,,,,,,,,,,,,,,,,,,,,,,,,,,,,,
宁波静缘莲花瑜伽健身有限公司,74569907,https://www.tianyancha.com/login?from=https%3A%2F%2Fwww.tianyancha.com%2Fcompany%2F74569907,宁波静缘莲花瑜伽健身有限公司,,,,,,,,,,,,,,,,,,,,,,,,,,,,,,,
宁波巴蕾巴蕾印度餐饮有限公司,2317264936,https://www.tianyancha.com/login?from=https%3A%2F%2Fwww.tianyancha.com%2Fcompany%2F2317264936,宁波巴蕾巴蕾印度餐饮有限公司,,,,,,,,,,,,,,,,,,,,,,,,,,,,,,,
宁波莎玛德进出口有限公司,40810265,https://www.tianyancha.com/login?from=https%3A%2F%2Fwww.tianyancha.com%2Fcompany%2F40810265,宁波莎玛德进出口有限公司,,,,,,,,,,,,,,,,,,,,,,,,,,,,,,,
青岛教网信息咨询有限公司,2334412901,https://www.tianyancha.com/login?from=https%3A%2F%2Fwww.tianyancha.com%2Fcompany%2F2334412901,青岛教网信息咨询有限公司,,,,,,,,,,,,,,,,,,,,,,,,,,,,,,,
宁波葛尼沙餐饮有限公司,599091556,https://www.tianyancha.com/login?from=https%3A%2F%2Fwww.tianyancha.com%2Fcompany%2F599091556,宁波葛尼沙餐饮有限公司,,,,,,,,,,,,,,,,,,,,,,,,,,,,,,,
宁波拉娜亚国际贸易有限公司,51422339,https://www.tianyancha.com/login?from=https%3A%2F%2Fwww.tianyancha.com%2Fcompany%2F51422339,宁波拉娜亚国际贸易有限公司,,,,,,,,,,,,,,,,,,,,,,,,,,,,,,,
宁波卡迪夫贸易有限公司,2864520117,https://www.tianyancha.com/login?from=https%3A%2F%2Fwww.tianyancha.com%2Fcompany%2F2864520117,宁波卡迪夫贸易有限公司,,,,,,,,,,,,,,,,,,,,,,,,,,,,,,,
青岛泰富管路系统有限公司,2346028022,https://www.tianyancha.com/login?from=https%3A%2F%2Fwww.tianyancha.com%2Fcompany%2F2346028022,青岛泰富管路系统有限公司,,,,,,,,,,,,,,,,,,,,,,,,,,,,,,,
宁波歌乐伯进出口有限公司,2319859290,https://www.tianyancha.com/login?from=https%3A%2F%2Fwww.tianyancha.com%2Fcompany%2F2319859290,宁波歌乐伯进出口有限公司,,,,,,,,,,,,,,,,,,,,,,,,,,,,,,,
青岛绿花田观光旅游有限公司,2354692097,https://www.tianyancha.com/login?from=https%3A%2F%2Fwww.tianyancha.com%2Fcompany%2F2354692097,青岛绿花田观光旅游有限公司,,,,,,,,,,,,,,,,,,,,,,,,,,,,,,,
青岛安凯尔特纳米技术有限公司,2334477119,https://www.tianyancha.com/login?from=https%3A%2F%2Fwww.tianyancha.com%2Fcompany%2F2334477119,青岛安凯尔特纳米技术有限公司,,,,,,,,,,,,,,,,,,,,,,,,,,,,,,,
青岛美德医教育科技有限公司,2382667865,https://www.tianyancha.com/login?from=https%3A%2F%2Fwww.tianyancha.com%2Fcompany%2F2382667865,青岛美德医教育科技有限公司,,,,,,,,,,,,,,,,,,,,,,,,,,,,,,,
青岛雅利安磨具有限公司,146834840,https://www.tianyancha.com/login?from=https%3A%2F%2Fwww.tianyancha.com%2Fcompany%2F146834840,青岛雅利安磨具有限公司,,,,,,,,,,,,,,,,,,,,,,,,,,,,,,,
莆田市玛哈拉其贸易有限公司,2351672523,https://www.tianyancha.com/login?from=https%3A%2F%2Fwww.tianyancha.com%2Fcompany%2F2351672523,莆田市玛哈拉其贸易有限公司,,,,,,,,,,,,,,,,,,,,,,,,,,,,,,,
厦门婆罗多瑜伽健身有限公司,718396277,https://www.tianyancha.com/login?from=https%3A%2F%2Fwww.tianyancha.com%2Fcompany%2F718396277,厦门婆罗多瑜伽健身有限公司,,,,,,,,,,,,,,,,,,,,,,,,,,,,,,,
江苏伊莱克姆进出口有限公司,2787854147,https://www.tianyancha.com/login?from=https%3A%2F%2Fwww.tianyancha.com%2Fcompany%2F2787854147,江苏伊莱克姆进出口有限公司,,,,,,,,,,,,,,,,,,,,,,,,,,,,,,,
瑞大（厦门）企业管理顾问有限公司,234753845,https://www.tianyancha.com/login?from=https%3A%2F%2Fwww.tianyancha.com%2Fcompany%2F234753845,瑞大（厦门）企业管理顾问有限公司,,,,,,,,,,,,,,,,,,,,,,,,,,,,,,,
乐雷特（青岛）健康管理咨询有限公司,2331218670,https://www.tianyancha.com/login?from=https%3A%2F%2Fwww.tianyancha.com%2Fcompany%2F2331218670,乐雷特（青岛）健康管理咨询有限公司,,,,,,,,,,,,,,,,,,,,,,,,,,,,,,,
石狮市格罗爱特贸易有限公司,872043375,https://www.tianyancha.com/login?from=https%3A%2F%2Fwww.tianyancha.com%2Fcompany%2F872043375,石狮市格罗爱特贸易有限公司,,,,,,,,,,,,,,,,,,,,,,,,,,,,,,,
南京印中化工有限公司,2350304115,https://www.tianyancha.com/login?from=https%3A%2F%2Fwww.tianyancha.com%2Fcompany%2F2350304115,南京印中化工有限公司,,,,,,,,,,,,,,,,,,,,,,,,,,,,,,,
瀚客汇（厦门）贸易有限公司,2330138470,https://www.tianyancha.com/login?from=https%3A%2F%2Fwww.tianyancha.com%2Fcompany%2F2330138470,瀚客汇（厦门）贸易有限公司,,,,,,,,,,,,,,,,,,,,,,,,,,,,,,,
印风堂（厦门）咖啡馆有限公司,2959435849,https://www.tianyancha.com/login?from=https%3A%2F%2Fwww.tianyancha.com%2Fcompany%2F2959435849,印风堂（厦门）咖啡馆有限公司,,,,,,,,,,,,,,,,,,,,,,,,,,,,,,,
艾德绿洋（厦门）硅整流变压器有限公司,269596399,https://www.tianyancha.com/login?from=https%3A%2F%2Fwww.tianyancha.com%2Fcompany%2F269596399,艾德绿洋（厦门）硅整流变压器有限公司,,,,,,,,,,,,,,,,,,,,,,,,,,,,,,,
石狮市维一喜贸易有限公司,2960150881,https://www.tianyancha.com/login?from=https%3A%2F%2Fwww.tianyancha.com%2Fcompany%2F2960150881,石狮市维一喜贸易有限公司,,,,,,,,,,,,,,,,,,,,,,,,,,,,,,,
寿光仟仟花瓣大棚有限公司,2346464571,https://www.tianyancha.com/login?from=https%3A%2F%2Fwww.tianyancha.com%2Fcompany%2F2346464571,寿光仟仟花瓣大棚有限公司,,,,,,,,,,,,,,,,,,,,,,,,,,,,,,,
厦门艾沃得进出口有限公司,2987533338,https://www.tianyancha.com/login?from=https%3A%2F%2Fwww.tianyancha.com%2Fcompany%2F2987533338,厦门艾沃得进出口有限公司,,,,,,,,,,,,,,,,,,,,,,,,,,,,,,,
泉州古纳尔贸易有限公司,2399947736,https://www.tianyancha.com/login?from=https%3A%2F%2Fwww.tianyancha.com%2Fcompany%2F2399947736,泉州古纳尔贸易有限公司,,,,,,,,,,,,,,,,,,,,,,,,,,,,,,,
真美加（厦门）贸易有限公司,2317927512,https://www.tianyancha.com/login?from=https%3A%2F%2Fwww.tianyancha.com%2Fcompany%2F2317927512,真美加（厦门）贸易有限公司,,,,,,,,,,,,,,,,,,,,,,,,,,,,,,,
余姚市景盛包装制品有限公司,2349980671,https://www.tianyancha.com/login?from=https%3A%2F%2Fwww.tianyancha.com%2Fcompany%2F2349980671,余姚市景盛包装制品有限公司,,,,,,,,,,,,,,,,,,,,,,,,,,,,,,,
厦门食汇缘餐饮管理有限公司,2397883751,https://www.tianyancha.com/login?from=https%3A%2F%2Fwww.tianyancha.com%2Fcompany%2F2397883751,厦门食汇缘餐饮管理有限公司,,,,,,,,,,,,,,,,,,,,,,,,,,,,,,,
滨州三伟园艺技术有限公司,2354666495,https://www.tianyancha.com/login?from=https%3A%2F%2Fwww.tianyancha.com%2Fcompany%2F2354666495,滨州三伟园艺技术有限公司,,,,,,,,,,,,,,,,,,,,,,,,,,,,,,,
聊城市朋友进出口有限公司,2963261012,https://www.tianyancha.com/login?from=https%3A%2F%2Fwww.tianyancha.com%2Fcompany%2F2963261012,聊城市朋友进出口有限公司,,,,,,,,,,,,,,,,,,,,,,,,,,,,,,,
高密长和机械有限公司,776694652,https://www.tianyancha.com/login?from=https%3A%2F%2Fwww.tianyancha.com%2Fcompany%2F776694652,高密长和机械有限公司,,,,,,,,,,,,,,,,,,,,,,,,,,,,,,,
济南萨纳塔娜瑜伽有限公司,2963192906,https://www.tianyancha.com/login?from=https%3A%2F%2Fwww.tianyancha.com%2Fcompany%2F2963192906,济南萨纳塔娜瑜伽有限公司,,,,,,,,,,,,,,,,,,,,,,,,,,,,,,,
栖霞山木倍果蔬有限公司,2353625746,https://www.tianyancha.com/login?from=https%3A%2F%2Fwww.tianyancha.com%2Fcompany%2F2353625746,栖霞山木倍果蔬有限公司,,,,,,,,,,,,,,,,,,,,,,,,,,,,,,,
厦门康多普贸易有限公司,2451461744,https://www.tianyancha.com/login?from=https%3A%2F%2Fwww.tianyancha.com%2Fcompany%2F2451461744,厦门康多普贸易有限公司,,,,,,,,,,,,,,,,,,,,,,,,,,,,,,,
宝利脉（莱阳）医疗用品有限公司,408873715,https://www.tianyancha.com/login?from=https%3A%2F%2Fwww.tianyancha.com%2Fcompany%2F408873715,宝利脉（莱阳）医疗用品有限公司,,,,,,,,,,,,,,,,,,,,,,,,,,,,,,,
潍坊捷晶国际贸易有限公司,1226260996,https://www.tianyancha.com/login?from=https%3A%2F%2Fwww.tianyancha.com%2Fcompany%2F1226260996,潍坊捷晶国际贸易有限公司,,,,,,,,,,,,,,,,,,,,,,,,,,,,,,,
印孚瑟斯技术（上海）有限公司,770006170,https://www.tianyancha.com/login?from=https%3A%2F%2Fwww.tianyancha.com%2Fcompany%2F770006170,印孚瑟斯技术（上海）有限公司,,,,,,,,,,,,,,,,,,,,,,,,,,,,,,,
科比德（上海）软件技术有限公司,1051702110,https://www.tianyancha.com/login?from=https%3A%2F%2Fwww.tianyancha.com%2Fcompany%2F1051702110,科比德（上海）软件技术有限公司,,,,,,,,,,,,,,,,,,,,,,,,,,,,,,,
印孚瑟斯技术（中国）有限公司,1157363841,https://www.tianyancha.com/login?from=https%3A%2F%2Fwww.tianyancha.com%2Fcompany%2F1157363841,印孚瑟斯技术（中国）有限公司,,,,,,,,,,,,,,,,,,,,,,,,,,,,,,,
甲骨文金融服务软件（上海）有限公司,1544551503,https://www.tianyancha.com/login?from=https%3A%2F%2Fwww.tianyancha.com%2Fcompany%2F1544551503,甲骨文金融服务软件（上海）有限公司,,,,,,,,,,,,,,,,,,,,,,,,,,,,,,,
阿图国际贸易（上海）有限公司,269943088,https://www.tianyancha.com/login?from=https%3A%2F%2Fwww.tianyancha.com%2Fcompany%2F269943088,阿图国际贸易（上海）有限公司,,,,,,,,,,,,,,,,,,,,,,,,,,,,,,,
宁波至漩国际贸易有限公司,1274225024,https://www.tianyancha.com/login?from=https%3A%2F%2Fwww.tianyancha.com%2Fcompany%2F1274225024,宁波至漩国际贸易有限公司,,,,,,,,,,,,,,,,,,,,,,,,,,,,,,,
锦茂国际物流（上海）有限公司,1104513084,https://www.tianyancha.com/login?from=https%3A%2F%2Fwww.tianyancha.com%2Fcompany%2F1104513084,锦茂国际物流（上海）有限公司,,,,,,,,,,,,,,,,,,,,,,,,,,,,,,,
赫威贸易（上海）有限公司,313357408,https://www.tianyancha.com/login?from=https%3A%2F%2Fwww.tianyancha.com%2Fcompany%2F313357408,赫威贸易（上海）有限公司,,,,,,,,,,,,,,,,,,,,,,,,,,,,,,,
安复仕软件开发（上海）有限公司,542327466,https://www.tianyancha.com/login?from=https%3A%2F%2Fwww.tianyancha.com%2Fcompany%2F542327466,安复仕软件开发（上海）有限公司,,,,,,,,,,,,,,,,,,,,,,,,,,,,,,,
阿乐滨度（上海）贸易有限公司,657048699,https://www.tianyancha.com/login?from=https%3A%2F%2Fwww.tianyancha.com%2Fcompany%2F657048699,阿乐滨度（上海）贸易有限公司,,,,,,,,,,,,,,,,,,,,,,,,,,,,,,,
百瑞空气处理设备（上海）有限公司,1394518754,https://www.tianyancha.com/login?from=https%3A%2F%2Fwww.tianyancha.com%2Fcompany%2F1394518754,百瑞空气处理设备（上海）有限公司,,,,,,,,,,,,,,,,,,,,,,,,,,,,,,,
宁波泰姬门文化传播有限公司,2961627356,https://www.tianyancha.com/login?from=https%3A%2F%2Fwww.tianyancha.com%2Fcompany%2F2961627356,宁波泰姬门文化传播有限公司,,,,,,,,,,,,,,,,,,,,,,,,,,,,,,,
戈拉精密部件（上海）有限公司,1356445062,https://www.tianyancha.com/login?from=https%3A%2F%2Fwww.tianyancha.com%2Fcompany%2F1356445062,戈拉精密部件（上海）有限公司,,,,,,,,,,,,,,,,,,,,,,,,,,,,,,,
希阿埃水泵（上海）有限公司,672383343,https://www.tianyancha.com/login?from=https%3A%2F%2Fwww.tianyancha.com%2Fcompany%2F672383343,希阿埃水泵（上海）有限公司,,,,,,,,,,,,,,,,,,,,,,,,,,,,,,,
萨梯雅穆翁车工程咨询（上海）有限公司,263095562,https://www.tianyancha.com/login?from=https%3A%2F%2Fwww.tianyancha.com%2Fcompany%2F263095562,萨梯雅穆翁车工程咨询（上海）有限公司,,,,,,,,,,,,,,,,,,,,,,,,,,,,,,,
宁波市马士基机械贸易有限公司,2312661534,https://www.tianyancha.com/login?from=https%3A%2F%2Fwww.tianyancha.com%2Fcompany%2F2312661534,宁波市马士基机械贸易有限公司,,,,,,,,,,,,,,,,,,,,,,,,,,,,,,,
摩羯国际货运代理（上海）有限公司,1674794722,https://www.tianyancha.com/login?from=https%3A%2F%2Fwww.tianyancha.com%2Fcompany%2F1674794722,摩羯国际货运代理（上海）有限公司,,,,,,,,,,,,,,,,,,,,,,,,,,,,,,,
轴鑫国际贸易（上海）有限公司,2416987580,https://www.tianyancha.com/login?from=https%3A%2F%2Fwww.tianyancha.com%2Fcompany%2F2416987580,轴鑫国际贸易（上海）有限公司,,,,,,,,,,,,,,,,,,,,,,,,,,,,,,,
世雅（上海）服装设计咨询有限公司,2315700095,https://www.tianyancha.com/login?from=https%3A%2F%2Fwww.tianyancha.com%2Fcompany%2F2315700095,世雅（上海）服装设计咨询有限公司,,,,,,,,,,,,,,,,,,,,,,,,,,,,,,,
克比餐饮（上海）有限公司,2311595727,https://www.tianyancha.com/login?from=https%3A%2F%2Fwww.tianyancha.com%2Fcompany%2F2311595727,克比餐饮（上海）有限公司,,,,,,,,,,,,,,,,,,,,,,,,,,,,,,,
哲兰国际货运代理（上海）有限公司,1537418886,https://www.tianyancha.com/login?from=https%3A%2F%2Fwww.tianyancha.com%2Fcompany%2F1537418886,哲兰国际货运代理（上海）有限公司,,,,,,,,,,,,,,,,,,,,,,,,,,,,,,,
佰义鑫（南京）医药化工有限公司,2350321926,https://www.tianyancha.com/login?from=https%3A%2F%2Fwww.tianyancha.com%2Fcompany%2F2350321926,佰义鑫（南京）医药化工有限公司,,,,,,,,,,,,,,,,,,,,,,,,,,,,,,,
星技（上海）商贸有限公司,1045024470,https://www.tianyancha.com/login?from=https%3A%2F%2Fwww.tianyancha.com%2Fcompany%2F1045024470,星技（上海）商贸有限公司,,,,,,,,,,,,,,,,,,,,,,,,,,,,,,,
青岛嘉伟林贸易有限公司,2334380242,https://www.tianyancha.com/login?from=https%3A%2F%2Fwww.tianyancha.com%2Fcompany%2F2334380242,青岛嘉伟林贸易有限公司,,,,,,,,,,,,,,,,,,,,,,,,,,,,,,,
崇赋（上海）贸易有限公司,1057662435,https://www.tianyancha.com/login?from=https%3A%2F%2Fwww.tianyancha.com%2Fcompany%2F1057662435,崇赋（上海）贸易有限公司,,,,,,,,,,,,,,,,,,,,,,,,,,,,,,,
印地工程技术（上海）有限公司,2358831599,https://www.tianyancha.com/login?from=https%3A%2F%2Fwww.tianyancha.com%2Fcompany%2F2358831599,印地工程技术（上海）有限公司,,,,,,,,,,,,,,,,,,,,,,,,,,,,,,,
上海翟森进出口有限公司,2318063532,https://www.tianyancha.com/login?from=https%3A%2F%2Fwww.tianyancha.com%2Fcompany%2F2318063532,上海翟森进出口有限公司,,,,,,,,,,,,,,,,,,,,,,,,,,,,,,,
绍兴吉卡进出口有限公司,2961351598,https://www.tianyancha.com/login?from=https%3A%2F%2Fwww.tianyancha.com%2Fcompany%2F2961351598,绍兴吉卡进出口有限公司,,,,,,,,,,,,,,,,,,,,,,,,,,,,,,,
绍兴拉塔沙服饰绣品有限公司,38932691,https://www.tianyancha.com/login?from=https%3A%2F%2Fwww.tianyancha.com%2Fcompany%2F38932691,绍兴拉塔沙服饰绣品有限公司,,,,,,,,,,,,,,,,,,,,,,,,,,,,,,,
绍兴恩酋贸易有限公司,1274817338,https://www.tianyancha.com/login?from=https%3A%2F%2Fwww.tianyancha.com%2Fcompany%2F1274817338,绍兴恩酋贸易有限公司,,,,,,,,,,,,,,,,,,,,,,,,,,,,,,,
绍兴庞塔纺织品有限公司,2754708826,https://www.tianyancha.com/login?from=https%3A%2F%2Fwww.tianyancha.com%2Fcompany%2F2754708826,绍兴庞塔纺织品有限公司,,,,,,,,,,,,,,,,,,,,,,,,,,,,,,,
青岛冉美商贸有限公司,2321316206,https://www.tianyancha.com/login?from=https%3A%2F%2Fwww.tianyancha.com%2Fcompany%2F2321316206,青岛冉美商贸有限公司,,,,,,,,,,,,,,,,,,,,,,,,,,,,,,,
印智国际贸易（青岛）有限公司,2704530489,https://www.tianyancha.com/login?from=https%3A%2F%2Fwww.tianyancha.com%2Fcompany%2F2704530489,印智国际贸易（青岛）有限公司,,,,,,,,,,,,,,,,,,,,,,,,,,,,,,,
绍兴卡姆达进出口有限公司,3004468871,https://www.tianyancha.com/login?from=https%3A%2F%2Fwww.tianyancha.com%2Fcompany%2F3004468871,绍兴卡姆达进出口有限公司,,,,,,,,,,,,,,,,,,,,,,,,,,,,,,,
浙江诸暨福来喜珍珠有限公司,824504887,https://www.tianyancha.com/login?from=https%3A%2F%2Fwww.tianyancha.com%2Fcompany%2F824504887,浙江诸暨福来喜珍珠有限公司,,,,,,,,,,,,,,,,,,,,,,,,,,,,,,,
绍兴彩普进出口有限公司,1317794905,https://www.tianyancha.com/login?from=https%3A%2F%2Fwww.tianyancha.com%2Fcompany%2F1317794905,绍兴彩普进出口有限公司,,,,,,,,,,,,,,,,,,,,,,,,,,,,,,,
厦门凯斯沃格曼商贸有限公司,2385309347,https://www.tianyancha.com/login?from=https%3A%2F%2Fwww.tianyancha.com%2Fcompany%2F2385309347,厦门凯斯沃格曼商贸有限公司,,,,,,,,,,,,,,,,,,,,,,,,,,,,,,,
绍兴柯桥罗丝魅力进出口有限公司,3140698721,https://www.tianyancha.com/login?from=https%3A%2F%2Fwww.tianyancha.com%2Fcompany%2F3140698721,绍兴柯桥罗丝魅力进出口有限公司,,,,,,,,,,,,,,,,,,,,,,,,,,,,,,,
绍兴拓纺贸易有限公司,2349303489,https://www.tianyancha.com/login?from=https%3A%2F%2Fwww.tianyancha.com%2Fcompany%2F2349303489,绍兴拓纺贸易有限公司,,,,,,,,,,,,,,,,,,,,,,,,,,,,,,,
绍兴坤山纺织品有限公司,1442130835,https://www.tianyancha.com/login?from=https%3A%2F%2Fwww.tianyancha.com%2Fcompany%2F1442130835,绍兴坤山纺织品有限公司,,,,,,,,,,,,,,,,,,,,,,,,,,,,,,,
绍兴柯桥萌肯瑞进出口有限公司,2990367151,https://www.tianyancha.com/login?from=https%3A%2F%2Fwww.tianyancha.com%2Fcompany%2F2990367151,绍兴柯桥萌肯瑞进出口有限公司,,,,,,,,,,,,,,,,,,,,,,,,,,,,,,,
绍兴佳奈塔贸易有限公司,58896564,https://www.tianyancha.com/login?from=https%3A%2F%2Fwww.tianyancha.com%2Fcompany%2F58896564,绍兴佳奈塔贸易有限公司,,,,,,,,,,,,,,,,,,,,,,,,,,,,,,,
济南迪拉特棉制品有限公司,2352473083,https://www.tianyancha.com/login?from=https%3A%2F%2Fwww.tianyancha.com%2Fcompany%2F2352473083,济南迪拉特棉制品有限公司,,,,,,,,,,,,,,,,,,,,,,,,,,,,,,,
宁波玖美进出口有限公司,1342217556,https://www.tianyancha.com/login?from=https%3A%2F%2Fwww.tianyancha.com%2Fcompany%2F1342217556,宁波玖美进出口有限公司,,,,,,,,,,,,,,,,,,,,,,,,,,,,,,,
潍坊兰花国际贸易有限公司,2357665717,https://www.tianyancha.com/login?from=https%3A%2F%2Fwww.tianyancha.com%2Fcompany%2F2357665717,潍坊兰花国际贸易有限公司,,,,,,,,,,,,,,,,,,,,,,,,,,,,,,,
爱渠西来信息技术（上海）有限公司,600455405,https://www.tianyancha.com/login?from=https%3A%2F%2Fwww.tianyancha.com%2Fcompany%2F600455405,爱渠西来信息技术（上海）有限公司,,,,,,,,,,,,,,,,,,,,,,,,,,,,,,,
绍兴柯桥炫恩进出口有限公司,3169341429,https://www.tianyancha.com/login?from=https%3A%2F%2Fwww.tianyancha.com%2Fcompany%2F3169341429,绍兴柯桥炫恩进出口有限公司,,,,,,,,,,,,,,,,,,,,,,,,,,,,,,,
绍兴艾提恰贸易有限公司,136635284,https://www.tianyancha.com/login?from=https%3A%2F%2Fwww.tianyancha.com%2Fcompany%2F136635284,绍兴艾提恰贸易有限公司,,,,,,,,,,,,,,,,,,,,,,,,,,,,,,,
绍兴波蜜进出口有限公司,2951527821,https://www.tianyancha.com/login?from=https%3A%2F%2Fwww.tianyancha.com%2Fcompany%2F2951527821,绍兴波蜜进出口有限公司,,,,,,,,,,,,,,,,,,,,,,,,,,,,,,,
迈克罗迈帝克数控机械贸易（上海）有限公司,306743588,https://www.tianyancha.com/login?from=https%3A%2F%2Fwww.tianyancha.com%2Fcompany%2F306743588,迈克罗迈帝克数控机械贸易（上海）有限公司,,,,,,,,,,,,,,,,,,,,,,,,,,,,,,,
绍兴旭泰进出口有限公司,3025658712,https://www.tianyancha.com/login?from=https%3A%2F%2Fwww.tianyancha.com%2Fcompany%2F3025658712,绍兴旭泰进出口有限公司,,,,,,,,,,,,,,,,,,,,,,,,,,,,,,,
绍兴森雷贸易有限公司,1312330268,https://www.tianyancha.com/login?from=https%3A%2F%2Fwww.tianyancha.com%2Fcompany%2F1312330268,绍兴森雷贸易有限公司,,,,,,,,,,,,,,,,,,,,,,,,,,,,,,,
绍兴钱多进出口有限公司,2399489613,https://www.tianyancha.com/login?from=https%3A%2F%2Fwww.tianyancha.com%2Fcompany%2F2399489613,绍兴钱多进出口有限公司,,,,,,,,,,,,,,,,,,,,,,,,,,,,,,,
绍兴哈里旭贸易有限公司,1171926691,https://www.tianyancha.com/login?from=https%3A%2F%2Fwww.tianyancha.com%2Fcompany%2F1171926691,绍兴哈里旭贸易有限公司,,,,,,,,,,,,,,,,,,,,,,,,,,,,,,,
绍兴柯桥硕源进出口有限公司,2950203020,https://www.tianyancha.com/login?from=https%3A%2F%2Fwww.tianyancha.com%2Fcompany%2F2950203020,绍兴柯桥硕源进出口有限公司,,,,,,,,,,,,,,,,,,,,,,,,,,,,,,,
迪达物流（上海）有限公司,673867374,https://www.tianyancha.com/login?from=https%3A%2F%2Fwww.tianyancha.com%2Fcompany%2F673867374,迪达物流（上海）有限公司,,,,,,,,,,,,,,,,,,,,,,,,,,,,,,,
上海酷马实业发展有限公司,296337170,https://www.tianyancha.com/login?from=https%3A%2F%2Fwww.tianyancha.com%2Fcompany%2F296337170,上海酷马实业发展有限公司,,,,,,,,,,,,,,,,,,,,,,,,,,,,,,,
科尼威尔贸易（上海）有限公司,766039964,https://www.tianyancha.com/login?from=https%3A%2F%2Fwww.tianyancha.com%2Fcompany%2F766039964,科尼威尔贸易（上海）有限公司,,,,,,,,,,,,,,,,,,,,,,,,,,,,,,,
深圳瑞法儿科技有限公司,2963029348,https://www.tianyancha.com/login?from=https%3A%2F%2Fwww.tianyancha.com%2Fcompany%2F2963029348,深圳瑞法儿科技有限公司,,,,,,,,,,,,,,,,,,,,,,,,,,,,,,,
青岛中印天齐贸易有限公司,2425083074,https://www.tianyancha.com/login?from=https%3A%2F%2Fwww.tianyancha.com%2Fcompany%2F2425083074,青岛中印天齐贸易有限公司,,,,,,,,,,,,,,,,,,,,,,,,,,,,,,,
绍兴祖泰进出口有限公司,642757772,https://www.tianyancha.com/login?from=https%3A%2F%2Fwww.tianyancha.com%2Fcompany%2F642757772,绍兴祖泰进出口有限公司,,,,,,,,,,,,,,,,,,,,,,,,,,,,,,,
泰马士贸易（深圳）有限公司,2358772197,https://www.tianyancha.com/login?from=https%3A%2F%2Fwww.tianyancha.com%2Fcompany%2F2358772197,泰马士贸易（深圳）有限公司,,,,,,,,,,,,,,,,,,,,,,,,,,,,,,,
敏娜依飞科技（深圳）有限公司,2447599271,https://www.tianyancha.com/login?from=https%3A%2F%2Fwww.tianyancha.com%2Fcompany%2F2447599271,敏娜依飞科技（深圳）有限公司,,,,,,,,,,,,,,,,,,,,,,,,,,,,,,,
厦门八联石材进出口有限公司,764698822,https://www.tianyancha.com/login?from=https%3A%2F%2Fwww.tianyancha.com%2Fcompany%2F764698822,厦门八联石材进出口有限公司,,,,,,,,,,,,,,,,,,,,,,,,,,,,,,,
哈普瑞特新贸易（深圳）有限公司,2946602416,https://www.tianyancha.com/login?from=https%3A%2F%2Fwww.tianyancha.com%2Fcompany%2F2946602416,哈普瑞特新贸易（深圳）有限公司,,,,,,,,,,,,,,,,,,,,,,,,,,,,,,,
百安基实业（深圳）有限公司,2964470072,https://www.tianyancha.com/login?from=https%3A%2F%2Fwww.tianyancha.com%2Fcompany%2F2964470072,百安基实业（深圳）有限公司,,,,,,,,,,,,,,,,,,,,,,,,,,,,,,,
安缇格雷（深圳）科技有限公司,2965650348,https://www.tianyancha.com/login?from=https%3A%2F%2Fwww.tianyancha.com%2Fcompany%2F2965650348,安缇格雷（深圳）科技有限公司,,,,,,,,,,,,,,,,,,,,,,,,,,,,,,,
厦门帝万进出口有限公司,2358722661,https://www.tianyancha.com/login?from=https%3A%2F%2Fwww.tianyancha.com%2Fcompany%2F2358722661,厦门帝万进出口有限公司,,,,,,,,,,,,,,,,,,,,,,,,,,,,,,,
义乌市摩挪贸易商行（普通合伙）,2352181310,https://www.tianyancha.com/login?from=https%3A%2F%2Fwww.tianyancha.com%2Fcompany%2F2352181310,义乌市摩挪贸易商行（普通合伙）,,,,,,,,,,,,,,,,,,,,,,,,,,,,,,,
义乌市恰泉贸易商行（普通合伙）,2352866951,https://www.tianyancha.com/login?from=https%3A%2F%2Fwww.tianyancha.com%2Fcompany%2F2352866951,义乌市恰泉贸易商行（普通合伙）,,,,,,,,,,,,,,,,,,,,,,,,,,,,,,,
义乌市拜熙贸易商行（普通合伙）,2351995248,https://www.tianyancha.com/login?from=https%3A%2F%2Fwww.tianyancha.com%2Fcompany%2F2351995248,义乌市拜熙贸易商行（普通合伙）,,,,,,,,,,,,,,,,,,,,,,,,,,,,,,,
义乌市切泰贸易商行（普通合伙）,2473062477,https://www.tianyancha.com/login?from=https%3A%2F%2Fwww.tianyancha.com%2Fcompany%2F2473062477,义乌市切泰贸易商行（普通合伙）,,,,,,,,,,,,,,,,,,,,,,,,,,,,,,,
义乌市睐习贸易有限公司,2327127212,https://www.tianyancha.com/login?from=https%3A%2F%2Fwww.tianyancha.com%2Fcompany%2F2327127212,义乌市睐习贸易有限公司,,,,,,,,,,,,,,,,,,,,,,,,,,,,,,,
绍兴萨夏纺织品有限公司,2958076408,https://www.tianyancha.com/login?from=https%3A%2F%2Fwww.tianyancha.com%2Fcompany%2F2958076408,绍兴萨夏纺织品有限公司,,,,,,,,,,,,,,,,,,,,,,,,,,,,,,,
义乌市勒玛餐厅（普通合伙）,2352366270,https://www.tianyancha.com/login?from=https%3A%2F%2Fwww.tianyancha.com%2Fcompany%2F2352366270,义乌市勒玛餐厅（普通合伙）,,,,,,,,,,,,,,,,,,,,,,,,,,,,,,,
绍兴市卡思密封材料有限公司,1442957393,https://www.tianyancha.com/login?from=https%3A%2F%2Fwww.tianyancha.com%2Fcompany%2F1442957393,绍兴市卡思密封材料有限公司,,,,,,,,,,,,,,,,,,,,,,,,,,,,,,,
义乌市睿印贸易商行（普通合伙）,2745128638,https://www.tianyancha.com/login?from=https%3A%2F%2Fwww.tianyancha.com%2Fcompany%2F2745128638,义乌市睿印贸易商行（普通合伙）,,,,,,,,,,,,,,,,,,,,,,,,,,,,,,,
义乌市萨法豪日用百货商行（普通合伙）,2352280904,https://www.tianyancha.com/login?from=https%3A%2F%2Fwww.tianyancha.com%2Fcompany%2F2352280904,义乌市萨法豪日用百货商行（普通合伙）,,,,,,,,,,,,,,,,,,,,,,,,,,,,,,,
义乌市洛贝电子商行（普通合伙）,2352978064,https://www.tianyancha.com/login?from=https%3A%2F%2Fwww.tianyancha.com%2Fcompany%2F2352978064,义乌市洛贝电子商行（普通合伙）,,,,,,,,,,,,,,,,,,,,,,,,,,,,,,,
义乌市泉蔻贸易商行（普通合伙）,2356781378,https://www.tianyancha.com/login?from=https%3A%2F%2Fwww.tianyancha.com%2Fcompany%2F2356781378,义乌市泉蔻贸易商行（普通合伙）,,,,,,,,,,,,,,,,,,,,,,,,,,,,,,,
浙江恒晖管业有限公司,2319927997,https://www.tianyancha.com/login?from=https%3A%2F%2Fwww.tianyancha.com%2Fcompany%2F2319927997,浙江恒晖管业有限公司,,,,,,,,,,,,,,,,,,,,,,,,,,,,,,,
义乌市孚昇贸易商行（普通合伙）,2452957336,https://www.tianyancha.com/login?from=https%3A%2F%2Fwww.tianyancha.com%2Fcompany%2F2452957336,义乌市孚升贸易商行（普通合伙）,,,,,,,,,,,,,,,,,,,,,,,,,,,,,,,
义乌市浮飞贸易商行（普通合伙）,2452911969,https://www.tianyancha.com/login?from=https%3A%2F%2Fwww.tianyancha.com%2Fcompany%2F2452911969,义乌市浮飞贸易商行（普通合伙）,,,,,,,,,,,,,,,,,,,,,,,,,,,,,,,
义乌市爵努贸易商行（普通合伙）,2738351734,https://www.tianyancha.com/login?from=https%3A%2F%2Fwww.tianyancha.com%2Fcompany%2F2738351734,义乌市爵努贸易商行（普通合伙）,,,,,,,,,,,,,,,,,,,,,,,,,,,,,,,
义乌市嘎尼贸易商行（普通合伙）,2351286177,https://www.tianyancha.com/login?from=https%3A%2F%2Fwww.tianyancha.com%2Fcompany%2F2351286177,义乌市嘎尼贸易商行（普通合伙）,,,,,,,,,,,,,,,,,,,,,,,,,,,,,,,
义乌市茂恩贸易商行（普通合伙）,2350652269,https://www.tianyancha.com/login?from=https%3A%2F%2Fwww.tianyancha.com%2Fcompany%2F2350652269,义乌市茂恩贸易商行（普通合伙）,,,,,,,,,,,,,,,,,,,,,,,,,,,,,,,
义乌市玛肯贸易商行（普通合伙）,2352483998,https://www.tianyancha.com/login?from=https%3A%2F%2Fwww.tianyancha.com%2Fcompany%2F2352483998,义乌市玛肯贸易商行（普通合伙）,,,,,,,,,,,,,,,,,,,,,,,,,,,,,,,
义乌市肯业贸易商行（普通合伙）,2352403563,https://www.tianyancha.com/login?from=https%3A%2F%2Fwww.tianyancha.com%2Fcompany%2F2352403563,义乌市肯业贸易商行（普通合伙）,,,,,,,,,,,,,,,,,,,,,,,,,,,,,,,
义乌市拓任贸易商行（普通合伙）,3025569450,https://www.tianyancha.com/login?from=https%3A%2F%2Fwww.tianyancha.com%2Fcompany%2F3025569450,义乌市拓任贸易商行（普通合伙）,,,,,,,,,,,,,,,,,,,,,,,,,,,,,,,
义乌市印默贸易商行（普通合伙）,2352035015,https://www.tianyancha.com/login?from=https%3A%2F%2Fwww.tianyancha.com%2Fcompany%2F2352035015,义乌市印默贸易商行（普通合伙）,,,,,,,,,,,,,,,,,,,,,,,,,,,,,,,
绍兴咖尚进出口有限公司,73592131,https://www.tianyancha.com/login?from=https%3A%2F%2Fwww.tianyancha.com%2Fcompany%2F73592131,绍兴咖尚进出口有限公司,,,,,,,,,,,,,,,,,,,,,,,,,,,,,,,
绍兴歌思贸易有限公司,1264667373,https://www.tianyancha.com/login?from=https%3A%2F%2Fwww.tianyancha.com%2Fcompany%2F1264667373,绍兴歌思贸易有限公司,,,,,,,,,,,,,,,,,,,,,,,,,,,,,,,
义乌市赫能贸易商行（普通合伙）,2353511341,https://www.tianyancha.com/login?from=https%3A%2F%2Fwww.tianyancha.com%2Fcompany%2F2353511341,义乌市赫能贸易商行（普通合伙）,,,,,,,,,,,,,,,,,,,,,,,,,,,,,,,
义乌市纽扬贸易商行（普通合伙）,2350659950,https://www.tianyancha.com/login?from=https%3A%2F%2Fwww.tianyancha.com%2Fcompany%2F2350659950,义乌市纽扬贸易商行（普通合伙）,,,,,,,,,,,,,,,,,,,,,,,,,,,,,,,
绍兴好琪丽餐饮有限公司,1437429294,https://www.tianyancha.com/login?from=https%3A%2F%2Fwww.tianyancha.com%2Fcompany%2F1437429294,绍兴好琪丽餐饮有限公司,,,,,,,,,,,,,,,,,,,,,,,,,,,,,,,
义乌市昌蔻贸易商行（普通合伙）,2351393820,https://www.tianyancha.com/login?from=https%3A%2F%2Fwww.tianyancha.com%2Fcompany%2F2351393820,义乌市昌蔻贸易商行（普通合伙）,,,,,,,,,,,,,,,,,,,,,,,,,,,,,,,
泰安亚鲁巴建筑材料有限责任公司,556126497,https://www.tianyancha.com/login?from=https%3A%2F%2Fwww.tianyancha.com%2Fcompany%2F556126497,泰安亚鲁巴建筑材料有限责任公司,,,,,,,,,,,,,,,,,,,,,,,,,,,,,,,
绍兴咖密克贸易有限公司,80579457,https://www.tianyancha.com/login?from=https%3A%2F%2Fwww.tianyancha.com%2Fcompany%2F80579457,绍兴咖密克贸易有限公司,,,,,,,,,,,,,,,,,,,,,,,,,,,,,,,
特迈斯（浙江）冷热工程有限公司,1240648821,https://www.tianyancha.com/login?from=https%3A%2F%2Fwww.tianyancha.com%2Fcompany%2F1240648821,特迈斯（浙江）冷热工程有限公司,,,,,,,,,,,,,,,,,,,,,,,,,,,,,,,
克里赛尔易莱纳信息技术（杭州）有限公司,57748091,https://www.tianyancha.com/login?from=https%3A%2F%2Fwww.tianyancha.com%2Fcompany%2F57748091,克里赛尔易莱纳信息技术（杭州）有限公司,,,,,,,,,,,,,,,,,,,,,,,,,,,,,,,
杭州维迪雅生物科技有限公司,2961434393,https://www.tianyancha.com/login?from=https%3A%2F%2Fwww.tianyancha.com%2Fcompany%2F2961434393,杭州维迪雅生物科技有限公司,,,,,,,,,,,,,,,,,,,,,,,,,,,,,,,
台州黄岩恩卡贸易有限公司,61590526,https://www.tianyancha.com/login?from=https%3A%2F%2Fwww.tianyancha.com%2Fcompany%2F61590526,台州黄岩恩卡贸易有限公司,,,,,,,,,,,,,,,,,,,,,,,,,,,,,,,
迪吉图文制作（上海）有限公司,1523222545,https://www.tianyancha.com/login?from=https%3A%2F%2Fwww.tianyancha.com%2Fcompany%2F1523222545,迪吉图文制作（上海）有限公司,,,,,,,,,,,,,,,,,,,,,,,,,,,,,,,
乐机设备（浙江）有限公司,2352479467,https://www.tianyancha.com/login?from=https%3A%2F%2Fwww.tianyancha.com%2Fcompany%2F2352479467,乐机设备（浙江）有限公司,,,,,,,,,,,,,,,,,,,,,,,,,,,,,,,
台州赛福模具有限公司,1200015861,https://www.tianyancha.com/login?from=https%3A%2F%2Fwww.tianyancha.com%2Fcompany%2F1200015861,台州赛福模具有限公司,,,,,,,,,,,,,,,,,,,,,,,,,,,,,,,
奥玛特进出口（杭州）有限公司,1244622994,https://www.tianyancha.com/login?from=https%3A%2F%2Fwww.tianyancha.com%2Fcompany%2F1244622994,奥玛特进出口（杭州）有限公司,,,,,,,,,,,,,,,,,,,,,,,,,,,,,,,
乐山市泰拉普进出口有限公司,179812592,https://www.tianyancha.com/login?from=https%3A%2F%2Fwww.tianyancha.com%2Fcompany%2F179812592,乐山市泰拉普进出口有限公司,,,,,,,,,,,,,,,,,,,,,,,,,,,,,,,
杭州苏拉奇贸易有限公司,56902888,https://www.tianyancha.com/login?from=https%3A%2F%2Fwww.tianyancha.com%2Fcompany%2F56902888,杭州苏拉奇贸易有限公司,,,,,,,,,,,,,,,,,,,,,,,,,,,,,,,
乐山市井研县万东机械制造有限公司,2336675302,https://www.tianyancha.com/login?from=https%3A%2F%2Fwww.tianyancha.com%2Fcompany%2F2336675302,乐山市井研县万东机械制造有限公司,,,,,,,,,,,,,,,,,,,,,,,,,,,,,,,
峨眉山宏昇药业股份有限公司,2328602545,https://www.tianyancha.com/login?from=https%3A%2F%2Fwww.tianyancha.com%2Fcompany%2F2328602545,峨眉山宏升药业股份有限公司,,,,,,,,,,,,,,,,,,,,,,,,,,,,,,,
四川省万马机械制造有限公司,364809839,https://www.tianyancha.com/login?from=https%3A%2F%2Fwww.tianyancha.com%2Fcompany%2F364809839,四川省万马机械制造有限公司,,,,,,,,,,,,,,,,,,,,,,,,,,,,,,,
卡比尔餐饮（深圳）有限公司,2990034159,https://www.tianyancha.com/login?from=https%3A%2F%2Fwww.tianyancha.com%2Fcompany%2F2990034159,卡比尔餐饮（深圳）有限公司,,,,,,,,,,,,,,,,,,,,,,,,,,,,,,,
乐山市恒达制浆造纸技术有限公司,298189013,https://www.tianyancha.com/login?from=https%3A%2F%2Fwww.tianyancha.com%2Fcompany%2F298189013,乐山市恒达制浆造纸技术有限公司,,,,,,,,,,,,,,,,,,,,,,,,,,,,,,,
四川和邦生物科技股份有限公司,864511594,https://www.tianyancha.com/login?from=https%3A%2F%2Fwww.tianyancha.com%2Fcompany%2F864511594,四川和邦生物科技股份有限公司,,,,,,,,,,,,,,,,,,,,,,,,,,,,,,,
乐山市东川机械有限公司,159627067,https://www.tianyancha.com/login?from=https%3A%2F%2Fwww.tianyancha.com%2Fcompany%2F159627067,乐山市东川机械有限公司,,,,,,,,,,,,,,,,,,,,,,,,,,,,,,,
四川省旭东机械制造有限公司,858109115,https://www.tianyancha.com/login?from=https%3A%2F%2Fwww.tianyancha.com%2Fcompany%2F858109115,四川省旭东机械制造有限公司,,,,,,,,,,,,,,,,,,,,,,,,,,,,,,,
润和催化剂股份有限公司,293613965,https://www.tianyancha.com/login?from=https%3A%2F%2Fwww.tianyancha.com%2Fcompany%2F293613965,润和催化剂股份有限公司,,,,,,,,,,,,,,,,,,,,,,,,,,,,,,,
四川省长征药业股份有限公司,488169306,https://www.tianyancha.com/login?from=https%3A%2F%2Fwww.tianyancha.com%2Fcompany%2F488169306,四川省长征药业股份有限公司,,,,,,,,,,,,,,,,,,,,,,,,,,,,,,,
安德威进出口（深圳）有限公司,2964004651,https://www.tianyancha.com/login?from=https%3A%2F%2Fwww.tianyancha.com%2Fcompany%2F2964004651,安德威进出口（深圳）有限公司,,,,,,,,,,,,,,,,,,,,,,,,,,,,,,,
上海达巴贸易有限公司,307810572,https://www.tianyancha.com/login?from=https%3A%2F%2Fwww.tianyancha.com%2Fcompany%2F307810572,上海达巴贸易有限公司,,,,,,,,,,,,,,,,,,,,,,,,,,,,,,,
绍兴杰婷贸易有限公司,58627338,https://www.tianyancha.com/login?from=https%3A%2F%2Fwww.tianyancha.com%2Fcompany%2F58627338,绍兴杰婷贸易有限公司,,,,,,,,,,,,,,,,,,,,,,,,,,,,,,,
义乌市禄登贸易商行（普通合伙）,2352102580,https://www.tianyancha.com/login?from=https%3A%2F%2Fwww.tianyancha.com%2Fcompany%2F2352102580,义乌市禄登贸易商行（普通合伙）,,,,,,,,,,,,,,,,,,,,,,,,,,,,,,,
义乌市米能贸易商行（普通合伙）,2352006236,https://www.tianyancha.com/login?from=https%3A%2F%2Fwww.tianyancha.com%2Fcompany%2F2352006236,义乌市米能贸易商行（普通合伙）,,,,,,,,,,,,,,,,,,,,,,,,,,,,,,,
杰恩比（深圳）商贸有限公司,2965433610,https://www.tianyancha.com/login?from=https%3A%2F%2Fwww.tianyancha.com%2Fcompany%2F2965433610,杰恩比（深圳）商贸有限公司,,,,,,,,,,,,,,,,,,,,,,,,,,,,,,,
绍兴七海贸易有限公司,2825277438,https://www.tianyancha.com/login?from=https%3A%2F%2Fwww.tianyancha.com%2Fcompany%2F2825277438,绍兴七海贸易有限公司,,,,,,,,,,,,,,,,,,,,,,,,,,,,,,,
义乌市遂登贸易商行（普通合伙）,2352984211,https://www.tianyancha.com/login?from=https%3A%2F%2Fwww.tianyancha.com%2Fcompany%2F2352984211,义乌市遂登贸易商行（普通合伙）,,,,,,,,,,,,,,,,,,,,,,,,,,,,,,,
义乌市脉迪贸易商行（普通合伙）,3120580270,https://www.tianyancha.com/login?from=https%3A%2F%2Fwww.tianyancha.com%2Fcompany%2F3120580270,义乌市脉迪贸易商行（普通合伙）,,,,,,,,,,,,,,,,,,,,,,,,,,,,,,,
浙江普拉盖蒂机械有限公司,55357882,https://www.tianyancha.com/login?from=https%3A%2F%2Fwww.tianyancha.com%2Fcompany%2F55357882,浙江普拉盖蒂机械有限公司,,,,,,,,,,,,,,,,,,,,,,,,,,,,,,,
四川东工电机有限公司,821799967,https://www.tianyancha.com/login?from=https%3A%2F%2Fwww.tianyancha.com%2Fcompany%2F821799967,四川东工电机有限公司,,,,,,,,,,,,,,,,,,,,,,,,,,,,,,,
乐山三缘电机有限公司,2328638224,https://www.tianyancha.com/login?from=https%3A%2F%2Fwww.tianyancha.com%2Fcompany%2F2328638224,乐山三缘电机有限公司,,,,,,,,,,,,,,,,,,,,,,,,,,,,,,,
金华英达斯机电实业有限公司,66379197,https://www.tianyancha.com/login?from=https%3A%2F%2Fwww.tianyancha.com%2Fcompany%2F66379197,金华英达斯机电实业有限公司,,,,,,,,,,,,,,,,,,,,,,,,,,,,,,,
乐山和邦农业科技有限公司,782758181,https://www.tianyancha.com/login?from=https%3A%2F%2Fwww.tianyancha.com%2Fcompany%2F782758181,乐山和邦农业科技有限公司,,,,,,,,,,,,,,,,,,,,,,,,,,,,,,,
义乌市古发贸易商行（普通合伙）,2352356103,https://www.tianyancha.com/login?from=https%3A%2F%2Fwww.tianyancha.com%2Fcompany%2F2352356103,义乌市古发贸易商行（普通合伙）,,,,,,,,,,,,,,,,,,,,,,,,,,,,,,,
义乌市赛列贸易商行（普通合伙）,2806283635,https://www.tianyancha.com/login?from=https%3A%2F%2Fwww.tianyancha.com%2Fcompany%2F2806283635,义乌市赛列贸易商行（普通合伙）,,,,,,,,,,,,,,,,,,,,,,,,,,,,,,,
义乌市夸奇贸易商行（普通合伙）,2352423134,https://www.tianyancha.com/login?from=https%3A%2F%2Fwww.tianyancha.com%2Fcompany%2F2352423134,义乌市夸奇贸易商行（普通合伙）,,,,,,,,,,,,,,,,,,,,,,,,,,,,,,,
